,Bankrupt?,ROA(C) before interest and depreciation before interest,ROA(A) before interest and % after tax,ROA(B) before interest and depreciation after tax,Operating Gross Margin,Realized Sales Gross Margin,Operating Profit Rate,Pre-tax net Interest Rate,After-tax net Interest Rate,Non-industry income and expenditure/revenue,Continuous interest rate (after tax),Operating Expense Rate,Research and development expense rate,Cash flow rate,Interest-bearing debt interest rate,Tax rate (A),Net Value Per Share (B),Net Value Per Share (A),Net Value Per Share (C),Persistent EPS in the Last Four Seasons,Cash Flow Per Share,Revenue Per Share (Yuan ¥),Operating Profit Per Share (Yuan ¥),Per Share Net profit before tax (Yuan ¥),Realized Sales Gross Profit Growth Rate,Operating Profit Growth Rate,After-tax Net Profit Growth Rate,Regular Net Profit Growth Rate,Continuous Net Profit Growth Rate,Total Asset Growth Rate,Net Value Growth Rate,Total Asset Return Growth Rate Ratio,Cash Reinvestment %,Current Ratio,Quick Ratio,Interest Expense Ratio,Total debt/Total net worth,Debt ratio %,Net worth/Assets,Long-term fund suitability ratio (A),Borrowing dependency,Contingent liabilities/Net worth,Operating profit/Paid-in capital,Net profit before tax/Paid-in capital,Inventory and accounts receivable/Net value,Total Asset Turnover,Accounts Receivable Turnover,Average Collection Days,Inventory Turnover Rate (times),Fixed Assets Turnover Frequency,Net Worth Turnover Rate (times),Revenue per person,Operating profit per person,Allocation rate per person,Working Capital to Total Assets,Quick Assets/Total Assets,Current Assets/Total Assets,Cash/Total Assets,Quick Assets/Current Liability,Cash/Current Liability,Current Liability to Assets,Operating Funds to Liability,Inventory/Working Capital,Inventory/Current Liability,Current Liabilities/Liability,Working Capital/Equity,Current Liabilities/Equity,Long-term Liability to Current Assets,Retained Earnings to Total Assets,Total income/Total expense,Total expense/Assets,Current Asset Turnover Rate,Quick Asset Turnover Rate,Working capitcal Turnover Rate,Cash Turnover Rate,Cash Flow to Sales,Fixed Assets to Assets,Current Liability to Liability,Current Liability to Equity,Equity to Long-term Liability,Cash Flow to Total Assets,Cash Flow to Liability,CFO to Assets,Cash Flow to Equity,Current Liability to Current Assets,Liability-Assets Flag,Net Income to Total Assets,Total assets to GNP price,No-credit Interval,Gross Profit to Sales,Net Income to Stockholder's Equity,Liability to Equity,Degree of Financial Leverage (DFL),Interest Coverage Ratio (Interest expense to EBIT),Equity to Liability
Bankrupt?,1,-0.260806558,-0.282940585,-0.273051318,-0.100043244,-0.09945,-0.00023,-0.00852,-0.00886,-0.01659,-0.00839,-0.00608,-0.02423,-0.07236,-0.02306,-0.10971,-0.1654,-0.16546,-0.16478,-0.21956,-0.07752,-0.00469,-0.14205,-0.20139,-0.00046,-0.01517,-0.03778,-0.03682,-0.0094,-0.04443,0.065329,-0.01686,-0.05135,-0.00221,0.025058,-0.00268,0.012314,0.250161,-0.25016,0.01692,0.176543,0.070455,-0.14111,-0.20786,0.075278,-0.06792,-0.00475,-0.00656,-0.00138,0.072818,0.021089,0.039718,-0.09284,0.002829,-0.19308,-0.08638,-0.04482,-0.10013,-0.00382,0.077921,0.194494,-0.07708,-0.00191,0.000822,-0.02081,-0.14722,0.153828,0.000778,-0.21778,-0.00714,0.139049,0.011929,0.025814,-0.00289,-0.01804,0.000479,0.066328,-0.02081,0.153828,0.139014,-0.07046,-0.04313,-0.11538,-0.05856,0.171306,0.139212,-0.31546,0.035104,-0.00555,-0.10004,-0.18099,0.166812,0.010508,-0.00551,-0.08305
ROA(C) before interest and depreciation before interest,-0.260806558,1,0.940123708,0.986849497,0.33471944,0.332755,0.035725,0.053419,0.049222,0.020501,0.051328,0.066869,0.106461,0.323482,0.048882,0.250761,0.50558,0.505407,0.505281,0.775006,0.379839,-0.01593,0.687201,0.750564,0.000591,0.036511,0.115083,0.11504,0.025234,0.019635,-0.02193,0.079906,0.296158,0.013196,-0.02634,0.003988,-0.02221,-0.26143,0.261427,0.002967,-0.16167,-0.03573,0.685028,0.753339,-0.10989,0.210622,-0.03395,0.007019,-0.06266,-0.06592,0.022896,-0.01483,0.301996,-0.01254,0.25968,0.181993,0.09882,0.235314,-0.01053,-0.04601,-0.21026,0.388151,-0.00445,0.01333,0.052783,0.103819,-0.14273,0.021508,0.650217,0.02345,-0.29602,0.005716,-0.02728,0.001824,-0.02948,0.011759,-0.00919,0.052783,-0.14273,-0.08653,0.262454,0.159699,0.504311,0.129002,-0.16073,-0.10927,0.88767,-0.07172,0.008135,0.334721,0.274287,-0.14363,-0.01657,0.010573,0.052416
ROA(A) before interest and % after tax,-0.282940585,0.940123708,1,0.955740625,0.326969108,0.324956,0.032053,0.053518,0.049474,0.029649,0.049909,0.075727,0.084334,0.28844,0.050362,0.225897,0.531799,0.53179,0.531821,0.764828,0.326239,-0.01183,0.654253,0.752578,0.003277,0.042208,0.125384,0.125872,0.024887,0.026977,-0.06397,0.081982,0.263615,0.014102,-0.01841,0.00544,-0.01032,-0.25997,0.259972,0.020707,-0.16187,-0.03618,0.651581,0.758234,-0.07859,0.223528,-0.03126,0.009041,-0.0545,-0.13696,0.036925,-0.01489,0.324942,-0.00603,0.303532,0.202017,0.157005,0.217918,-0.00961,-0.03747,-0.1905,0.351107,-3.60E-06,0.004864,0.080401,0.120403,-0.13382,0.022241,0.718013,0.028873,-0.35715,-0.00087,-0.02514,0.004491,-0.02582,0.012198,-0.00586,0.080401,-0.13382,-0.10302,0.263591,0.157065,0.443017,0.112929,-0.19567,-0.15689,0.961552,-0.0989,0.011463,0.326971,0.291744,-0.14104,-0.01152,0.013372,0.057887
ROA(B) before interest and depreciation after tax,-0.273051318,0.986849497,0.955740625,1,0.333748562,0.331755,0.035212,0.053726,0.049952,0.022366,0.052261,0.065602,0.102147,0.32304,0.045839,0.197344,0.502052,0.502,0.501907,0.764597,0.366216,-0.01436,0.659834,0.72294,0.002142,0.036144,0.11713,0.117042,0.024414,0.022104,-0.02613,0.079972,0.292008,0.012975,-0.02423,0.005187,-0.02116,-0.26473,0.264734,0.003869,-0.15862,-0.03418,0.657274,0.726003,-0.1095,0.19481,-0.03377,0.009921,-0.05361,-0.06105,0.012763,-0.01455,0.304522,-0.01277,0.260151,0.166311,0.094083,0.227144,-0.01001,-0.0413,-0.21719,0.387893,-0.00162,0.007302,0.046694,0.101962,-0.14288,0.0183,0.673738,0.024436,-0.32222,-0.00261,-0.02993,0.002488,-0.03041,0.011977,-0.00836,0.046694,-0.14288,-0.08319,0.258428,0.157022,0.497042,0.123622,-0.16257,-0.12068,0.91204,-0.08909,0.007523,0.33375,0.280617,-0.14284,-0.01466,0.011473,0.05643
Operating Gross Margin,-0.100043244,0.33471944,0.326969108,0.333748562,1,0.999518,0.005745,0.032493,0.027175,0.051438,0.02943,-0.20635,-0.01698,0.341188,0.017198,0.06797,0.144661,0.145031,0.145057,0.256722,0.163192,0.117045,0.267944,0.247789,0.014172,0.022867,0.054639,0.05343,0.009121,0.016013,-0.01745,0.026545,0.122676,0.024945,0.001379,-0.00237,-0.02236,-0.24546,0.24546,0.00602,-0.08573,-0.02226,0.267411,0.248104,-0.08672,-0.09966,0.082342,0.02253,0.047665,0.001239,-0.13616,0.019022,0.224976,-0.00695,0.246304,0.15285,0.094782,0.241946,-0.00321,-0.0309,-0.19803,0.246834,-0.03503,0.035218,0.063547,0.06797,-0.08042,0.000522,0.164579,0.043608,0.225479,-0.12127,-0.12971,0.020451,-0.07158,-0.04156,0.003507,0.063547,-0.08042,-0.06881,0.098097,0.114138,0.22699,0.030672,-0.13265,-0.03293,0.300143,0.022672,0.004205,1,0.075304,-0.08543,-0.01181,-0.00117,0.120029
Realized Sales Gross Margin,-0.09944525,0.332755332,0.324955926,0.331755464,0.999518278,1,0.00561,0.032232,0.026851,0.051242,0.029166,-0.20644,-0.01739,0.341433,0.017121,0.067708,0.142887,0.143262,0.143288,0.254753,0.163163,0.117196,0.267021,0.246004,0.014188,0.022778,0.05447,0.053259,0.009117,0.016583,-0.01745,0.026463,0.122787,0.024984,0.001418,-0.00251,-0.02235,-0.24561,0.245606,0.006189,-0.0856,-0.02224,0.266483,0.246256,-0.08676,-0.10014,0.082479,0.022596,0.047079,0.001289,-0.13634,0.01906,0.224458,-0.00726,0.246221,0.152805,0.094838,0.242353,-0.00319,-0.03105,-0.19784,0.246781,-0.03509,0.035478,0.064657,0.067921,-0.08035,0.000178,0.163013,0.04361,0.22617,-0.12132,-0.12975,0.020536,-0.07132,-0.0416,0.003524,0.064657,-0.08035,-0.06876,0.098056,0.11406,0.226912,0.030676,-0.13261,-0.03292,0.298155,0.02275,0.004038,0.999518,0.074891,-0.08541,-0.01127,-0.00116,0.120196
Operating Profit Rate,-0.000229817,0.035724731,0.032053341,0.035212361,0.005744836,0.00561,1,0.916448,0.862191,-0.59201,0.915544,0.013246,0.016387,0.023051,0.002784,0.019936,0.019257,0.019218,0.01924,0.02042,0.014244,-0.04446,0.022397,0.020219,0.000831,0.004952,0.011328,0.011227,0.001318,0.034465,-0.00021,0.003677,0.014955,0.000833,0.000323,0.001156,-0.00151,0.010397,-0.0104,-0.00083,0.001092,0.000247,0.02216,0.020015,0.011993,0.029456,-0.02317,0.001001,0.009576,0.005232,0.016064,-0.02745,0.018248,0.000726,0.025599,0.0261,0.033821,0.010465,0.000365,0.000301,0.01134,0.020308,-0.00103,-0.00175,0.02052,0.0106,0.00186,0.001967,0.02128,0.002047,0.005401,0.008117,0.012696,-0.22957,0.016485,-0.08475,0.000106,0.02052,0.00186,-0.00065,0.020918,0.004669,0.026682,0.014088,-0.07968,-0.00029,0.028482,-0.00334,0.000199,0.005746,0.006216,0.001541,0.000935,0.000393,-0.01707
Pre-tax net Interest Rate,-0.008516548,0.053419418,0.053517782,0.053725531,0.032492729,0.032232,0.916448,1,0.986379,-0.22004,0.993617,0.014247,0.016836,0.02495,0.004031,0.023003,0.033034,0.033015,0.033035,0.033726,0.017617,0.004931,0.026314,0.034046,0.001246,0.003909,0.03515,0.034914,0.003013,0.037633,-0.001,0.005004,0.017801,0.003164,-0.01738,0.00163,-0.00196,-0.00391,0.003906,-0.00191,-0.00465,0.002222,0.026091,0.0339,0.009042,0.029667,0.089576,0.002198,0.00556,0.003581,0.015513,-0.14496,0.020271,0.000685,0.036347,0.030819,0.037156,0.017136,0.000296,-0.0014,0.001632,0.022855,0.010231,-0.01749,0.019009,0.014933,-0.0022,0.002062,0.036236,0.003322,-0.00452,0.008065,0.012206,0.090689,0.015581,0.233675,-4.74E-05,0.019009,-0.0022,-0.00793,0.041845,0.011517,0.031813,0.026245,-0.13858,-0.00316,0.048587,-0.00424,-7.51E-05,0.032494,0.011343,-0.00404,0.000855,0.000984,-0.01456
After-tax net Interest Rate,-0.008857223,0.049221505,0.04947403,0.049952046,0.027175301,0.026851,0.862191,0.986379,1,-0.11521,0.984452,0.013982,0.016521,0.022813,0.003824,0.021164,0.031369,0.031347,0.031367,0.030768,0.01614,0.005594,0.024137,0.030621,0.001226,0.002962,0.031223,0.030964,0.002565,0.037066,-0.00086,0.004379,0.016692,0.002685,-0.01537,0.001612,-0.00138,-0.00617,0.006174,-0.00123,-0.00439,0.002117,0.023942,0.030568,0.008993,0.029504,0.07992,0.002032,0.005957,0.004241,0.015736,-0.14667,0.018334,0.000702,0.040405,0.031453,0.037836,0.017118,0.000343,-0.00083,-0.0028,0.020877,0.009501,-0.01577,0.013732,0.016788,-0.0032,0.002061,0.034573,0.002985,-0.0028,0.008174,0.012368,0.244911,0.015792,0.379952,-2.93E-06,0.013732,-0.0032,-0.00633,0.046314,0.012243,0.029454,0.030022,-0.16645,-0.00275,0.04539,-0.00379,-0.00109,0.027176,0.010648,-0.00439,0.000927,0.000957,-0.0109
Non-industry income and expenditure/revenue,-0.016592638,0.020500611,0.029648763,0.022366188,0.051437781,0.051242,-0.59201,-0.22004,-0.11521,1,-0.2307,-0.0036,-0.00604,-0.00594,0.001332,-0.00227,0.019588,0.019644,0.019632,0.018148,0.000758,0.118316,-0.0016,0.019279,0.000484,-0.0042,0.043179,0.042951,0.002855,-0.00822,-0.0015,0.001115,-0.00061,0.004344,-0.03578,0.000465,-0.00028,-0.03321,0.033214,-0.00181,-0.01204,0.003873,-0.00147,0.019483,-0.01103,-0.01206,0.236897,0.001987,-0.01214,-0.00554,-0.00792,-0.22503,-0.00366,-0.00039,0.0108,-0.00156,-0.00761,0.009002,-0.00029,-0.00356,-0.02436,-0.00348,0.023107,-0.03096,-0.01174,0.004236,-0.00897,-0.00064,0.021105,0.001701,-0.02228,-0.00355,-0.00637,0.74229,-0.00881,0.67723,-0.00035,-0.01174,-0.00897,-0.01438,0.033285,0.011813,-0.00097,0.018515,-0.08487,-0.00565,0.028423,-0.00041,-0.00064,0.051437,0.007693,-0.0119,-0.00056,0.001024,0.012293
Continuous interest rate (after tax),-0.008394859,0.051327938,0.049909386,0.052260532,0.029429816,0.029166,0.915544,0.993617,0.984452,-0.2307,1,0.013168,0.015728,0.02773,0.003654,0.020407,0.030839,0.030835,0.03084,0.032051,0.016343,0.051607,0.024516,0.030487,0.001207,0.002643,0.016584,0.016415,0.001842,0.034962,-0.00035,0.004203,0.0174,0.002887,-0.01686,0.001479,7.51E-05,-0.00119,0.001192,-0.00019,-0.00289,0.002166,0.024295,0.030334,0.008243,0.027711,0.100604,0.002168,0.006203,0.003439,0.014559,-0.06469,0.01858,0.000652,0.035148,0.028547,0.034865,0.016445,0.0003,-0.00111,0.000159,0.02452,0.011909,-0.0054,0.014602,0.014826,-0.00269,0.001882,0.034777,0.003094,-0.00447,0.007518,0.01144,0.110703,0.014596,0.254886,-1.62E-05,0.014602,-0.00269,-0.00309,0.042328,0.014059,0.030653,0.02714,-0.14026,-0.00123,0.0456,-0.00462,-0.00056,0.029431,0.011191,-0.003,0.000774,0.000798,-0.0113
Operating Expense Rate,-0.006083226,0.066869462,0.075727452,0.065602335,-0.206353024,-0.20644,0.013246,0.014247,0.013982,-0.0036,0.013168,1,-0.06039,-0.02015,-0.00601,0.060683,0.090519,0.091263,0.091197,0.080969,0.007253,-0.01584,0.071799,0.081428,-0.00817,0.013374,0.007176,0.009511,-0.00664,0.014168,-0.00846,-0.00386,-0.00302,-0.00746,0.017687,0.024446,-0.01616,0.143833,-0.14383,0.00899,0.023977,0.010618,0.071972,0.082923,0.079747,0.195063,-0.02833,-0.00794,-0.12921,-0.05516,0.165135,-0.01049,0.126869,-0.00923,-0.07672,-0.00469,0.02572,-0.11061,-0.0129,0.024258,0.135256,-0.0424,-0.00802,-0.01145,-0.01365,0.007324,0.035899,0.001729,0.083315,-0.00196,-0.24943,0.170776,0.153936,-0.00333,0.04073,0.003082,-0.00746,-0.01365,0.035899,0.024837,0.00763,-0.00676,-0.00543,0.014722,0.015511,-0.00412,0.071365,-0.02552,0.006497,-0.20635,0.029733,0.034809,0.013577,0.006232,-0.12076
Research and development expense rate,-0.024231968,0.10646056,0.084333711,0.102146833,-0.016976426,-0.01739,0.016387,0.016836,0.016521,-0.00604,0.015728,-0.06039,1,0.030918,0.000656,-0.0192,0.088822,0.0875,0.087063,0.076486,0.052162,-0.01929,0.068738,0.066085,-0.01115,0.012166,0.019958,0.020703,0.007842,0.023189,-0.0103,0.029752,0.042269,-0.00909,-0.0257,-0.01357,-0.01929,-0.04516,0.045162,-0.04701,-0.04553,-0.01245,0.067143,0.069545,-0.04722,0.013498,-0.03451,-0.02847,0.001366,0.016872,-0.02544,-0.01278,-0.04351,-0.02807,0.011881,0.064811,-0.02285,0.013524,-0.01572,-0.04213,-0.04607,0.035521,-0.01552,-0.02369,-0.00712,0.005879,-0.03745,0.008636,0.079153,-0.0083,-0.04944,-0.04646,-0.03464,-0.00291,0.070369,0.003677,-0.00909,-0.00712,-0.03745,-0.01252,0.008293,-0.00877,0.073629,0.008972,-0.0652,-0.00996,0.079169,-0.02017,-0.00684,-0.01697,0.02149,-0.03536,-0.01395,-0.01216,-0.04524
Cash flow rate,-0.072355551,0.323482422,0.288440193,0.323040193,0.341188193,0.341433,0.023051,0.02495,0.022813,-0.00594,0.02773,-0.02015,0.030918,1,0.011986,0.049835,0.158471,0.15852,0.158255,0.197705,0.353883,0.201679,0.191974,0.177008,-0.01707,0.003731,0.019071,0.0183,0.003902,0.055389,-0.00742,-0.00278,0.34466,0.002257,-0.01283,0.000513,0.349639,-0.28501,0.28501,0.038308,-0.07876,-0.00977,0.191723,0.186619,-0.12548,-0.05798,0.005904,0.006638,-0.02014,0.052978,-0.09666,-0.00902,0.131304,-0.00155,0.16152,0.031135,-0.04925,0.228027,-0.00836,-0.02339,-0.27822,0.880562,-0.0068,0.019862,-0.06873,0.022609,-0.08757,0.024446,0.223252,0.026204,-0.08152,-0.00787,-0.05739,0.044478,-0.09389,0.016086,-0.00693,-0.06873,-0.08757,-0.04018,0.224786,0.364812,0.603305,0.097761,-0.12647,-0.0135,0.281309,-0.05277,0.013642,0.341186,0.057933,-0.08077,-0.00635,0.001262,0.33171
Interest-bearing debt interest rate,-0.023062809,0.048882068,0.050362273,0.045839205,0.01719827,0.017121,0.002784,0.004031,0.003824,0.001332,0.003654,-0.00601,0.000656,0.011986,1,0.01008,0.050347,0.050345,0.050159,0.059506,0.015297,-0.0039,0.018363,0.061431,-0.0033,0.001783,0.010106,0.010021,0.000499,-0.0187,0.013614,0.004281,0.000198,-0.00184,-0.0052,-0.00436,-0.00398,-0.05991,0.059911,0.002245,-0.00173,-0.00279,0.016198,0.054972,0.035486,0.008551,-0.00698,0.016496,0.007713,-0.03621,0.046759,-0.00259,-0.00459,0.024254,0.045141,0.025246,0.013544,0.014468,0.055143,-0.01106,-0.04139,0.01572,-0.00282,0.01124,0.025009,0.068273,-0.01888,0.00609,0.023919,-0.0002,-0.01034,-0.00976,-0.02682,0.000607,-0.01924,0.000173,-0.00184,0.025009,-0.01888,0.038229,-0.0126,-0.01134,0.011482,-0.00699,2.18E-05,0.033571,0.048735,-0.00752,0.003175,0.017198,0.01095,-0.00342,-0.0073,-0.00078,0.028945
Tax rate (A),-0.109705669,0.250760762,0.225896819,0.197344042,0.0679705,0.067708,0.019936,0.023003,0.021164,-0.00227,0.020407,0.060683,-0.0192,0.049835,0.01008,1,0.129891,0.130495,0.130665,0.169345,0.068363,-0.02131,0.197467,0.208763,0.001507,0.018784,0.047621,0.047701,0.016857,0.067886,-0.01138,0.009976,0.065329,-9.66E-06,-0.02488,0.034656,-0.0105,-0.00972,0.009724,-0.01295,-0.05318,-0.0125,0.197419,0.209898,0.027022,0.193636,-0.01997,-0.00044,-0.05077,-0.13521,0.11527,-0.01412,0.067826,0.005542,0.056103,0.119155,0.084386,-0.01176,-0.00985,-0.03527,0.03852,0.051844,-0.00883,0.017662,0.064182,0.041038,-0.01597,0.016004,0.212204,-0.00094,-0.08148,0.063944,0.046586,-0.00291,0.044051,0.004227,-0.01004,0.064182,-0.01597,-0.05443,0.030302,0.023895,0.103101,0.021563,-0.05358,-0.02842,0.23121,-0.02364,0.011488,0.067971,0.07792,-0.03,-0.01496,0.030275,-0.05315
Net Value Per Share (B),-0.165399021,0.50558032,0.531798801,0.50205155,0.144660555,0.142887,0.019257,0.033034,0.031369,0.019588,0.030839,0.090519,0.088822,0.158471,0.050347,0.129891,1,0.999342,0.999179,0.755568,0.346904,-0.00823,0.607623,0.726321,-0.01374,0.016049,0.056818,0.056518,0.043865,-0.01887,-0.03018,0.060968,0.090651,0.010462,-0.00291,-0.00817,0.008546,-0.24915,0.249146,0.052254,-0.12399,-0.02841,0.603024,0.706646,-0.0894,0.082026,-0.01865,-0.00245,-0.08068,-0.08097,-0.03283,-0.0178,0.26133,-0.00932,0.19862,0.115516,0.047254,0.185621,-0.01483,-0.03308,-0.19855,0.195965,-0.00568,-0.01554,0.044689,0.070112,-0.1021,0.011322,0.491365,0.023143,-0.23557,-0.01712,-0.04304,0.006438,-0.05478,0.009424,-0.00311,0.044689,-0.1021,-0.089,0.142925,0.07698,0.230814,0.072982,-0.16437,-0.09678,0.493776,-0.05997,0.014303,0.144662,0.148693,-0.11085,-0.02186,-0.00217,0.098434
Net Value Per Share (A),-0.165464759,0.505406681,0.53179025,0.50200049,0.145031385,0.143262,0.019218,0.033015,0.031347,0.019644,0.030835,0.091263,0.0875,0.15852,0.050345,0.130495,0.999342,1,0.999837,0.755409,0.346511,-0.00819,0.606954,0.725956,-0.01369,0.016014,0.056679,0.056375,0.043767,-0.01865,-0.03009,0.060835,0.090377,0.010446,-0.00287,-0.00809,0.008547,-0.24993,0.249925,0.052245,-0.12532,-0.02892,0.602367,0.7058,-0.08999,0.082674,-0.01967,-0.00241,-0.08025,-0.08177,-0.03244,-0.01774,0.261381,-0.00927,0.199598,0.115606,0.047816,0.185631,-0.01477,-0.03276,-0.19909,0.195903,-0.00559,-0.01554,0.044624,0.070331,-0.10254,0.011623,0.49276,0.023136,-0.23488,-0.01662,-0.04293,0.006426,-0.0538,0.009398,-0.00309,0.044624,-0.10254,-0.09073,0.14293,0.076917,0.230629,0.073,-0.16508,-0.09651,0.493803,-0.05978,0.014424,0.145032,0.148872,-0.1118,-0.02178,-0.00236,0.098721
Net Value Per Share (C),-0.164783924,0.505280849,0.531820776,0.501907193,0.145056611,0.143288,0.01924,0.033035,0.031367,0.019632,0.03084,0.091197,0.087063,0.158255,0.050159,0.130665,0.999179,0.999837,1,0.755217,0.346243,-0.00822,0.606895,0.725825,-0.01371,0.016022,0.056682,0.056378,0.043751,-0.01839,-0.0301,0.060802,0.090312,0.010429,-0.00201,-0.00806,0.008514,-0.24946,0.249463,0.052137,-0.12519,-0.02892,0.602277,0.705621,-0.08978,0.082434,-0.01972,-0.00245,-0.08005,-0.08175,-0.03245,-0.01776,0.261477,-0.00931,0.199475,0.11531,0.047968,0.1853,-0.01479,-0.03101,-0.19872,0.195621,-0.00558,-0.01565,0.044538,0.070383,-0.10243,0.011509,0.492734,0.023117,-0.23506,-0.01669,-0.04312,0.006431,-0.05393,0.009403,-0.00311,0.044538,-0.10243,-0.09067,0.143017,0.076871,0.230342,0.07308,-0.16501,-0.09653,0.493822,-0.05983,0.014335,0.145058,0.148906,-0.11168,-0.02167,-0.00233,0.09839
Persistent EPS in the Last Four Seasons,-0.219559681,0.775006201,0.764828009,0.764597049,0.256721841,0.254753,0.02042,0.033726,0.030768,0.018148,0.032051,0.080969,0.076486,0.197705,0.059506,0.169345,0.755568,0.755409,0.755217,1,0.455794,-0.00969,0.876769,0.955591,-0.00218,0.025088,0.08608,0.086083,0.023707,-0.03674,-0.0221,0.08014,0.165224,0.011286,-0.00424,6.69E-06,-0.01138,-0.17743,0.177429,0.052178,-0.14414,-0.05396,0.873641,0.959461,-0.03799,0.21471,-0.02,0.007838,-0.07146,-0.12946,0.066033,-0.01141,0.351589,-0.0094,0.253188,0.215097,0.176931,0.240956,-0.00674,-0.0344,-0.09769,0.248241,0.000283,0.031821,0.10731,0.121854,-0.09497,0.019496,0.492078,0.023013,-0.178,-0.00041,-0.02935,0.002192,-0.03426,0.007255,-0.00648,0.10731,-0.09497,-0.11438,0.222378,0.123403,0.333636,0.129661,-0.15469,-0.10552,0.691152,-0.03351,0.003791,0.256723,0.222961,-0.11411,-0.01883,0.008039,0.036722
Cash Flow Per Share,-0.07751646,0.379839496,0.326239068,0.366216448,0.163191598,0.163163,0.014244,0.017617,0.01614,0.000758,0.016343,0.007253,0.052162,0.353883,0.015297,0.068363,0.346904,0.346511,0.346243,0.455794,1,-0.00698,0.46074,0.439257,-0.10469,-0.00548,0.001412,0.000488,-0.00038,0.054534,-0.00938,-0.18742,0.650279,0.000581,-0.02514,0.003575,0.003779,-0.15812,0.158117,-0.03096,-0.0992,-0.00952,0.465102,0.445817,-0.12551,0.052539,-0.02062,-0.01024,-0.03736,0.013248,0.089648,-0.00827,0.062192,-0.01075,0.073991,0.098143,-0.03778,0.25361,-0.01381,-0.02261,-0.14772,0.415122,-0.00911,0.028555,0.006296,-0.0099,-0.04502,0.031188,0.225557,0.011126,-0.01392,0.042716,-0.02833,-0.00024,-0.05822,0.004107,-0.02399,0.006296,-0.04502,-0.03749,0.246791,0.12925,0.715003,0.199675,-0.0528,-0.0374,0.292252,-0.02359,0.002721,0.16319,0.07425,-0.0473,-0.0062,0.001358,0.052117
Revenue Per Share (Yuan ¥),-0.004692038,-0.015932449,-0.011829456,-0.014358551,0.117045171,0.117196,-0.04446,0.004931,0.005594,0.118316,0.051607,-0.01584,-0.01929,0.201679,-0.0039,-0.02131,-0.00823,-0.00819,-0.00822,-0.00969,-0.00698,1,-0.01482,-0.01166,0.000192,-0.00043,-0.05829,-0.05807,-0.0035,-0.01067,-0.00035,-0.00197,0.00072,-0.00031,-0.00088,-0.00071,0.029592,-0.01968,0.019679,0.128149,0.001181,0.004573,-0.01477,-0.01146,-0.00971,-0.03598,0.264346,-0.00099,-0.01173,-0.01046,-0.02083,0.275742,-0.02597,-0.00098,0.020298,-0.01414,0.000271,0.018125,-0.00054,-0.00187,-0.02636,0.127459,-0.00028,0.037494,-0.02798,0.001783,-0.00636,-0.00244,-0.00437,-0.00056,-0.01789,-0.01089,-0.01648,0.184916,-0.02162,0.037165,-0.00031,-0.02798,-0.00636,0.010574,0.015799,0.156966,-0.00223,0.00366,-0.00622,-0.00088,-0.00831,-0.00127,0.027256,0.117044,-0.0011,-0.00213,-0.00114,-5.31E-05,0.233203
Operating Profit Per Share (Yuan ¥),-0.142050582,0.687200784,0.654253185,0.659833786,0.267944309,0.267021,0.022397,0.026314,0.024137,-0.0016,0.024516,0.071799,0.068738,0.191974,0.018363,0.197467,0.607623,0.606954,0.606895,0.876769,0.46074,-0.01482,1,0.861813,-0.00253,0.027941,0.067502,0.067182,0.012131,-0.04133,-0.02264,0.076453,0.205792,-0.00101,0.00072,3.94E-06,-0.01388,-0.07806,0.078056,0.043273,-0.10713,-0.05663,0.998696,0.886157,0.020064,0.282591,-0.0195,0.002794,-0.04679,-0.11937,0.142435,-0.0099,0.367024,-0.00802,0.266177,0.266637,0.260501,0.236888,-0.00719,-0.02397,-0.0035,0.245701,-0.00372,0.037542,0.135996,0.126546,-0.05546,0.022299,0.415226,0.01566,-0.07074,0.00813,-0.00126,-0.00044,-0.01251,0.00512,-0.00673,0.135996,-0.05546,-0.09429,0.218511,0.118816,0.338206,0.126165,-0.14574,-0.04638,0.577846,-0.0323,0.001169,0.267946,0.183601,-0.0771,-0.01594,0.006331,-0.00932
Per Share Net profit before tax (Yuan ¥),-0.201394834,0.750563508,0.752578273,0.722940059,0.247789488,0.246004,0.020219,0.034046,0.030621,0.019279,0.030487,0.081428,0.066085,0.177008,0.061431,0.208763,0.726321,0.725956,0.725825,0.955591,0.439257,-0.01166,0.861813,1,-0.0005,0.029782,0.090223,0.090368,0.024448,-0.0553,-0.03763,0.120135,0.16816,0.009684,-0.00693,-0.00111,-0.00852,-0.1589,0.158897,0.047935,-0.14214,-0.04723,0.85831,0.962723,-0.03161,0.230325,-0.02005,0.004424,-0.07363,-0.13388,0.089929,-0.01415,0.325783,-0.00878,0.238435,0.219267,0.175784,0.222925,-0.00687,-0.03486,-0.07979,0.222474,-0.00264,0.033599,0.106568,0.114848,-0.08917,0.04707,0.473736,0.022244,-0.15695,0.009443,-0.02431,0.001388,-0.02983,0.006428,-0.00648,0.106568,-0.08917,-0.11048,0.224392,0.123983,0.3082,0.105591,-0.14872,-0.10499,0.671748,-0.02884,0.008267,0.247791,0.218389,-0.10773,-0.01788,0.008143,0.028185
Realized Sales Gross Profit Growth Rate,-0.000458384,0.000591067,0.003277138,0.002142249,0.014172027,0.014188,0.000831,0.001246,0.001226,0.000484,0.001207,-0.00817,-0.01115,-0.01707,-0.0033,0.001507,-0.01374,-0.01369,-0.01371,-0.00218,-0.10469,0.000192,-0.00253,-0.0005,1,0.002192,0.00647,0.006444,0.000747,-0.03512,-0.0007,0.005843,-0.04979,-0.00028,0.00322,-0.00026,-0.00059,0.011461,-0.01146,0.001248,-0.0049,-0.00148,-0.00252,-0.00267,0.018133,0.096856,-0.00063,-0.00094,-0.00785,-0.0057,0.061691,-0.00054,0.001962,-0.001,0.012096,0.015756,0.028146,-0.0056,-0.00049,-0.0018,0.021559,-0.02334,-0.00012,-0.00129,0.016519,0.008683,0.004456,-0.00178,-0.0089,-0.00031,0.050982,0.019388,0.003755,2.29E-05,-0.00913,-0.00018,-0.0003,0.016519,0.004456,-0.00426,-0.00418,0.002393,-0.04684,-0.00554,-0.00281,0.002142,0.003064,0.002692,-0.00076,0.014172,0.001952,0.001687,-0.00067,-0.00033,-0.0023
Operating Profit Growth Rate,-0.015167946,0.036510593,0.042207587,0.036144239,0.022866904,0.022778,0.004952,0.003909,0.002962,-0.0042,0.002643,0.013374,0.012166,0.003731,0.001783,0.018784,0.016049,0.016014,0.016022,0.025088,-0.00548,-0.00043,0.027941,0.029782,0.002192,1,0.639394,0.636793,0.100821,0.015553,-0.00453,0.32672,-0.00086,8.87E-05,0.000404,0.00609,5.15E-05,-0.0181,0.0181,0.001654,0.002009,-0.00271,0.02768,0.027997,0.005847,0.044088,-0.02568,-0.0014,0.002095,-0.00791,0.033,-0.00085,0.01548,0.000348,0.02415,0.012454,0.018826,0.008048,0.000145,-0.00242,-0.00672,0.003664,8.05E-05,0.001564,0.011871,-0.00346,0.005973,0.001546,0.02145,0.000806,-0.00417,0.011499,0.012411,-0.00597,0.014003,-0.00518,4.20E-05,0.011871,0.005973,-0.01255,0.00868,0.003389,0.002719,-0.02031,-0.02107,-0.04615,0.041046,6.30E-05,-0.00018,0.022866,-0.00757,0.000537,0.001247,0.004576,0.001725
After-tax Net Profit Growth Rate,-0.037782973,0.115082824,0.125384033,0.117130075,0.054638554,0.05447,0.011328,0.03515,0.031223,0.043179,0.016584,0.007176,0.019958,0.019071,0.010106,0.047621,0.056818,0.056679,0.056682,0.08608,0.001412,-0.05829,0.067502,0.090223,0.00647,0.639394,1,0.996186,0.113051,0.008039,-0.00366,0.223919,0.02063,0.000201,0.000796,0.006938,0.000535,-0.03024,0.03024,0.00324,-0.01219,-0.00456,0.06687,0.088074,-0.00567,0.059724,-0.01919,0.003642,-0.01304,-0.00539,0.035121,-0.12977,0.04626,0.000548,0.031928,0.028478,0.01509,0.020819,0.000469,-0.00547,-0.02194,0.015927,0.001996,-0.01932,-0.00093,0.004411,-0.00752,0.005114,0.064121,0.0026,-0.03149,0.005805,0.014418,0.000371,0.014097,0.000916,0.000381,-0.00093,-0.00752,-0.01849,0.027411,0.015736,0.014993,-0.00692,-0.0336,-0.05084,0.119596,0.001185,0.002108,0.054639,0.020203,-0.01169,0.00203,0.005373,0.001253
Regular Net Profit Growth Rate,-0.036819677,0.115039569,0.125871851,0.11704151,0.053429778,0.053259,0.011227,0.034914,0.030964,0.042951,0.016415,0.009511,0.020703,0.0183,0.010021,0.047701,0.056518,0.056375,0.056378,0.086083,0.000488,-0.05807,0.067182,0.090368,0.006444,0.636793,0.996186,1,0.112904,0.008911,-0.00365,0.223106,0.019473,0.000186,0.000783,0.006874,0.000524,-0.03051,0.030512,0.00339,-0.01211,-0.00427,0.066552,0.088255,-0.00583,0.060223,-0.0191,-0.00262,-0.01336,-0.0047,0.035224,-0.12891,0.046101,0.000535,0.031764,0.028959,0.01482,0.020039,0.000461,-0.00543,-0.02208,0.015185,0.001776,-0.01927,-0.00093,0.004243,-0.00752,0.004905,0.064422,0.002599,-0.03283,0.005591,0.014146,0.000198,0.013462,0.000756,0.000376,-0.00093,-0.00752,-0.01851,0.026884,0.015741,0.013393,-0.00732,-0.03339,-0.05064,0.11987,0.001166,0.002026,0.05343,0.020273,-0.0117,0.002014,0.005329,0.001383
Continuous Net Profit Growth Rate,-0.009400902,0.025233812,0.024887245,0.024414357,0.009121179,0.009117,0.001318,0.003013,0.002565,0.002855,0.001842,-0.00664,0.007842,0.003902,0.000499,0.016857,0.043865,0.043767,0.043751,0.023707,-0.00038,-0.0035,0.012131,0.024448,0.000747,0.100821,0.113051,0.112904,1,0.010175,-0.00027,0.036198,-0.00375,-6.00E-05,-0.00012,0.001145,-0.00015,-0.02521,0.025205,0.000964,-0.00772,-0.00158,0.012002,0.025103,-0.00637,-0.00022,-0.00299,-0.00072,-0.01295,-0.00373,-0.00192,-0.00725,0.0059,-0.0002,0.004795,-0.00335,-0.00794,-0.00162,-8.14E-05,-0.00115,-0.01688,0.003403,0.060758,-0.00152,0.003392,0.001327,-0.00618,-0.00051,0.011965,0.000653,-0.01301,-0.00207,-0.00718,-0.00038,-0.00651,-0.00018,-4.27E-05,0.003392,-0.00618,-0.0085,-0.00021,0.00012,-0.00126,-0.00083,-0.00917,-0.00206,0.024257,-0.00031,0.002108,0.009122,0.006638,-0.00743,1.40E-05,0.001086,0.014498
Total Asset Growth Rate,-0.044431021,0.019635082,0.026976682,0.022104093,0.01601279,0.016583,0.034465,0.037633,0.037066,-0.00822,0.034962,0.014168,0.023189,0.055389,-0.0187,0.067886,-0.01887,-0.01865,-0.01839,-0.03674,0.054534,-0.01067,-0.04133,-0.0553,-0.03512,0.015553,0.008039,0.008911,0.010175,1,-0.00869,-0.03714,0.06371,0.006779,-0.01345,0.007325,-0.01247,-0.04919,0.049191,-0.03393,-0.01935,-0.00114,-0.03898,-0.02856,-0.0452,-0.07239,-0.03087,-0.03561,0.030277,0.009155,-0.08499,-0.01742,0.003777,-0.01075,-0.02589,-0.06839,-0.07765,-0.06408,-0.00253,0.006808,-0.06931,0.064132,0.010147,-0.01116,-0.04413,-0.01387,-0.03628,0.016918,0.099163,-0.02022,-0.07962,0.000739,0.03234,0.004511,0.064419,0.004524,0.00657,-0.04413,-0.03628,-0.01385,-0.10464,-0.06455,0.100864,-0.04839,-0.0277,-0.02777,0.080031,-0.03891,-0.01317,0.016014,0.032565,-0.03305,0.00552,0.001723,-0.01596
Net Value Growth Rate,0.065329424,-0.021930224,-0.06397041,-0.026126724,-0.017448008,-0.01745,-0.00021,-0.001,-0.00086,-0.0015,-0.00035,-0.00846,-0.0103,-0.00742,0.013614,-0.01138,-0.03018,-0.03009,-0.0301,-0.0221,-0.00938,-0.00035,-0.02264,-0.03763,-0.0007,-0.00453,-0.00366,-0.00365,-0.00027,-0.00869,1,-0.00465,-0.01342,-0.00017,-0.00047,-0.00065,-0.00036,0.056508,-0.05651,-0.00191,-0.07794,-0.00158,-0.0227,-0.03836,-0.01211,-0.00653,-0.00063,-0.00053,-0.00901,0.036004,0.063203,-0.00023,-0.0125,-0.00052,-0.04467,-0.01919,-0.02568,-0.01048,0.075915,-0.001,0.024605,-0.00697,-0.00055,-0.00132,-0.01613,0.063047,-0.05528,-0.0013,-0.04742,-0.00071,0.0426,0.008879,0.006129,-0.00037,-0.00208,3.93E-05,-0.00017,-0.01613,-0.05528,-0.0714,-0.00824,-0.00194,-0.01842,0.013669,0.11759,0.400342,-0.07241,-0.00068,-0.01008,-0.01745,0.068054,-0.06865,-0.0007,-0.00045,-0.01069
Total Asset Return Growth Rate Ratio,-0.016857679,0.079905674,0.081981689,0.079972127,0.026544637,0.026463,0.003677,0.005004,0.004379,0.001115,0.004203,-0.00386,0.029752,-0.00278,0.004281,0.009976,0.060968,0.060835,0.060802,0.08014,-0.18742,-0.00197,0.076453,0.120135,0.005843,0.32672,0.223919,0.223106,0.036198,-0.03714,-0.00465,1,-0.03208,-0.00074,-0.00014,0.001643,-0.00079,-0.0011,0.0011,0.002237,-0.00972,-0.00401,0.052078,0.062054,0.007472,0.041372,-0.01129,-0.00148,0.013148,-0.01127,0.027419,-0.00349,0.022437,-0.00157,0.026427,0.024787,0.038872,0.013891,0.000358,-0.00248,0.016977,-0.00335,0.000492,0.001824,0.027073,0.015315,-0.00141,0.00141,0.025056,0.000794,-0.01541,-0.00513,-0.00926,-0.00164,0.018438,-0.00061,-0.00021,0.027073,-0.00141,-0.01181,0.038569,0.019516,-0.023,0.022967,-0.00892,-0.00982,0.062183,0.006583,-0.00031,0.026544,0.019467,-0.0052,-0.00031,0.001498,-0.00245
Cash Reinvestment %,-0.051345204,0.29615824,0.263614592,0.292007935,0.122675716,0.122787,0.014955,0.017801,0.016692,-0.00061,0.0174,-0.00302,0.042269,0.34466,0.000198,0.065329,0.090651,0.090377,0.090312,0.165224,0.650279,0.00072,0.205792,0.16816,-0.04979,-0.00086,0.02063,0.019473,-0.00375,0.06371,-0.01342,-0.03208,1,-0.00427,-0.02236,0.011983,0.014103,-0.13428,0.134276,-0.04748,-0.18545,-0.00677,0.203603,0.158675,-0.1959,0.055909,-0.0186,-0.0128,-0.02151,0.015146,0.103647,-0.0036,-0.01483,-0.00539,0.056922,0.071882,-0.04756,0.167651,-0.02842,-0.01693,-0.13827,0.412683,-0.00548,0.020751,-0.01132,0.036706,-0.16759,0.023165,0.205944,0.004849,-0.06066,0.037312,-0.02229,0.003031,-0.04148,0.006674,-0.03496,-0.01132,-0.16759,-0.01892,0.247814,0.136652,0.738276,0.089089,-0.05297,0.118872,0.252716,-0.04189,0.008558,0.122675,0.162473,-0.13369,0.003717,0.005525,0.045546
Current Ratio,-0.00221128,0.013195567,0.014102372,0.012974731,0.024944641,0.024984,0.000833,0.003164,0.002685,0.004344,0.002887,-0.00746,-0.00909,0.002257,-0.00184,-9.66E-06,0.010462,0.010446,0.010429,0.011286,0.000581,-0.00031,-0.00101,0.009684,-0.00028,8.87E-05,0.000201,0.000186,-6.00E-05,0.006779,-0.00017,-0.00074,-0.00427,1,-0.00041,-0.00038,-0.00032,-0.01586,0.01586,0.000118,-0.00254,0.004485,-0.00099,0.010726,-0.00798,-0.01534,-0.00056,-0.00046,-0.00794,-0.00493,-0.00923,-0.00021,0.038839,-0.00046,-0.02012,-0.02399,-0.029,-0.01062,-0.00025,-0.00088,-0.01214,0.003547,-0.00049,-0.00116,0.004915,-0.00578,-0.00358,-0.00115,0.015432,0.003411,-0.01176,-0.00224,-0.00729,-0.00049,-0.00364,-0.0001,-0.00015,0.004915,-0.00358,-0.00243,-0.00664,-0.00537,0.001195,-0.00291,0.34763,-0.00042,0.014946,-0.0006,0.008178,0.024946,0.002489,-0.00374,-0.00057,-0.00015,0.010228
Quick Ratio,0.025058289,-0.026335874,-0.018411788,-0.024231693,0.001378958,0.001418,0.000323,-0.01738,-0.01537,-0.03578,-0.01686,0.017687,-0.0257,-0.01283,-0.0052,-0.02488,-0.00291,-0.00287,-0.00201,-0.00424,-0.02514,-0.00088,0.00072,-0.00693,0.00322,0.000404,0.000796,0.000783,-0.00012,-0.01345,-0.00047,-0.00014,-0.02236,-0.00041,1,0.003143,-0.0009,0.03341,-0.03341,0.001013,0.016767,-0.00122,0.000816,-0.00686,0.037141,-0.03777,-0.00157,0.016026,-0.01906,0.001797,-0.02002,-0.00058,0.074423,-0.00131,-0.00923,-0.06306,0.027031,-0.02979,-0.00072,0.151987,0.048153,-0.01393,0.008347,-0.00328,0.028012,0.003585,0.014777,-0.00325,-0.01189,-0.00031,-0.0183,-0.01451,0.007069,0.002905,-0.02213,2.47E-05,-0.00041,0.028012,0.014777,-0.00329,-0.00894,-0.00409,-0.02345,-0.00572,0.00642,-0.00117,-0.01778,-0.00169,-0.01493,0.001381,-0.00237,0.009645,-8.29E-05,0.001867,-0.01708
Interest Expense Ratio,-0.002680934,0.003987826,0.00543978,0.00518659,-0.00236569,-0.00251,0.001156,0.00163,0.001612,0.000465,0.001479,0.024446,-0.01357,0.000513,-0.00436,0.034656,-0.00817,-0.00809,-0.00806,6.69E-06,0.003575,-0.00071,3.94E-06,-0.00111,-0.00026,0.00609,0.006938,0.006874,0.001145,0.007325,-0.00065,0.001643,0.011983,-0.00038,0.003143,1,-0.0008,0.023196,-0.0232,-0.00722,0.007844,-7.44E-05,-2.81E-05,-0.00135,0.005507,-0.00262,-0.00131,0.001691,-0.01113,0.025936,0.006706,-0.00318,0.008881,-0.00295,-0.01446,-0.01662,-0.00959,-0.01743,0.001858,0.010633,0.006254,-0.00168,0.00415,-0.00132,-0.02201,-0.00286,0.004542,-0.00697,6.49E-05,-0.00043,-0.01347,0.030494,0.007865,-0.00024,0.002048,-3.77E-05,-0.0139,-0.02201,0.004542,0.008543,-0.01168,-0.00404,0.00888,-0.01127,0.014302,-0.00153,0.004969,-0.00059,-7.62E-05,-0.00237,0.003604,0.006926,0.016829,-0.03432,-0.01263
Total debt/Total net worth,0.012313586,-0.022207728,-0.010323254,-0.021160762,-0.022359665,-0.02235,-0.00151,-0.00196,-0.00138,-0.00028,7.51E-05,-0.01616,-0.01929,0.349639,-0.00398,-0.0105,0.008546,0.008547,0.008514,-0.01138,0.003779,0.029592,-0.01388,-0.00852,-0.00059,5.15E-05,0.000535,0.000524,-0.00015,-0.01247,-0.00036,-0.00079,0.014103,-0.00032,-0.0009,-0.0008,1,-0.05405,0.054049,0.030256,-0.00808,-0.00127,-0.01384,-0.00857,-0.0089,-0.02785,0.008627,-0.00101,-0.01344,0.016062,-0.01841,-0.00045,-0.02539,-0.001,0.051384,-0.00286,0.016898,0.019683,-0.00055,-0.00191,-0.04514,0.265843,-0.00057,-0.00251,-0.00678,0.008081,-0.00997,-0.00249,-0.00913,-0.00072,-0.01569,-0.01112,-0.01682,0.0153,-0.01656,0.004189,-0.00032,-0.00678,-0.00997,-0.00633,0.022285,0.149285,0.023123,0.006953,-0.02597,-0.0009,-0.00806,-0.0013,0.002556,-0.02236,-0.0007,-0.01004,-0.00126,-0.00043,0.338898
Debt ratio %,0.250160962,-0.261426644,-0.259971909,-0.264734445,-0.245460212,-0.24561,0.010397,-0.00391,-0.00617,-0.03321,-0.00119,0.143833,-0.04516,-0.28501,-0.05991,-0.00972,-0.24915,-0.24993,-0.24946,-0.17743,-0.15812,-0.01968,-0.07806,-0.1589,0.011461,-0.0181,-0.03024,-0.03051,-0.02521,-0.04919,0.056508,-0.0011,-0.13428,-0.01586,0.03341,0.023196,-0.05405,1,-1,-0.01052,0.329109,0.058862,-0.07725,-0.16411,0.417868,0.237458,0.029924,0.006062,-0.04363,-0.01026,0.43616,0.037412,0.007547,0.010321,-0.5288,-0.08423,0.109964,-0.35761,0.039455,0.082804,0.842583,-0.33343,0.002064,0.026934,-0.08232,-0.10501,0.343692,-0.00694,-0.23542,-0.02799,0.037513,0.12488,0.20337,-0.03172,0.138934,-0.0182,0.023418,-0.08232,0.343692,0.244974,-0.0665,-0.07698,-0.26816,-0.00318,0.42818,0.203155,-0.28142,0.041055,-0.05022,-0.24546,-0.12399,0.34925,0.017982,0.012571,-0.62588
Net worth/Assets,-0.250160962,0.261426644,0.259971909,0.264734445,0.245460212,0.245606,-0.0104,0.003906,0.006174,0.033214,0.001192,-0.14383,0.045162,0.28501,0.059911,0.009724,0.249146,0.249925,0.249463,0.177429,0.158117,0.019679,0.078056,0.158897,-0.01146,0.0181,0.03024,0.030512,0.025205,0.049191,-0.05651,0.0011,0.134276,0.01586,-0.03341,-0.0232,0.054049,-1,1,0.010523,-0.32911,-0.05886,0.07725,0.16411,-0.41787,-0.23746,-0.02992,-0.00606,0.043629,0.010258,-0.43616,-0.03741,-0.00755,-0.01032,0.528797,0.084232,-0.10996,0.357605,-0.03945,-0.0828,-0.84258,0.333429,-0.00206,-0.02693,0.082322,0.105008,-0.34369,0.006936,0.235423,0.027995,-0.03751,-0.12488,-0.20337,0.031715,-0.13893,0.018201,-0.02342,0.082322,-0.34369,-0.24497,0.066502,0.076983,0.268159,0.003178,-0.42818,-0.20315,0.281422,-0.04105,0.050218,0.245461,0.123986,-0.34925,-0.01798,-0.01257,0.625879
Long-term fund suitability ratio (A),0.016919905,0.002967379,0.020707081,0.003868556,0.006019596,0.006189,-0.00083,-0.00191,-0.00123,-0.00181,-0.00019,0.00899,-0.04701,0.038308,0.002245,-0.01295,0.052254,0.052245,0.052137,0.052178,-0.03096,0.128149,0.043273,0.047935,0.001248,0.001654,0.00324,0.00339,0.000964,-0.03393,-0.00191,0.002237,-0.04748,0.000118,0.001013,-0.00722,0.030256,-0.01052,0.010523,1,-0.00068,0.001385,0.043298,0.049832,0.048349,0.045883,0.007167,0.023772,-0.04027,-0.04863,0.023839,-0.00233,0.17872,0.342925,0.077891,0.040821,0.104518,0.052845,-0.00174,0.013864,0.036649,0.026117,0.000936,0.000367,0.074428,0.031667,0.013201,-0.00399,0.010451,0.052586,-0.01844,0.015572,-0.00165,0.031637,-0.01401,0.008499,0.393705,0.074428,0.013201,-0.02172,0.027432,0.052517,-0.03176,0.011582,-0.02161,-0.00583,0.016566,-0.00359,0.003389,0.00602,0.008679,0.001791,-0.00432,-0.00034,0.104344
Borrowing dependency,0.176542936,-0.161671478,-0.16186813,-0.158618347,-0.085732865,-0.0856,0.001092,-0.00465,-0.00439,-0.01204,-0.00289,0.023977,-0.04553,-0.07876,-0.00173,-0.05318,-0.12399,-0.12532,-0.12519,-0.14414,-0.0992,0.001181,-0.10713,-0.14214,-0.0049,0.002009,-0.01219,-0.01211,-0.00772,-0.01935,-0.07794,-0.00972,-0.18545,-0.00254,0.016767,0.007844,-0.00808,0.329109,-0.32911,-0.00068,1,0.451737,-0.10472,-0.13492,0.700139,-0.00644,0.034113,0.003798,0.010203,0.025232,0.177337,0.029949,-0.00938,-0.00464,-0.19255,-0.09557,-0.01777,-0.12642,-0.06793,0.041094,0.229825,-0.09325,0.003151,0.007702,-0.07559,-0.53571,0.892772,-0.00755,-0.11791,-0.00702,0.022642,0.028854,0.063473,-0.00441,0.004608,-0.00048,0.015588,-0.07559,0.892772,0.806889,-0.02645,-0.02218,-0.11762,-0.19354,0.124908,-0.2597,-0.17778,0.011083,-0.00418,-0.08573,-0.80648,0.955857,0.00726,0.001776,-0.14601
Contingent liabilities/Net worth,0.070454525,-0.035729115,-0.036183212,-0.034177374,-0.022257878,-0.02224,0.000247,0.002222,0.002117,0.003873,0.002166,0.010618,-0.01245,-0.00977,-0.00279,-0.0125,-0.02841,-0.02892,-0.02892,-0.05396,-0.00952,0.004573,-0.05663,-0.04723,-0.00148,-0.00271,-0.00456,-0.00427,-0.00158,-0.00114,-0.00158,-0.00401,-0.00677,0.004485,-0.00122,-7.44E-05,-0.00127,0.058862,-0.05886,0.001385,0.451737,1,-0.05684,-0.04942,0.0772,0.020659,0.048691,-0.00037,-0.01486,-0.00606,0.092726,-0.00084,-0.02413,0.005206,-0.06588,-0.01581,-0.02812,-0.01925,-0.00094,0.011087,0.049283,-0.011,-0.00114,-0.00078,-0.00468,-0.76778,0.622905,-0.00151,-0.02173,-0.0002,-0.0074,0.001941,0.000955,0.001101,-0.00035,0.000541,-0.0006,-0.00468,0.622905,0.462858,-0.01353,-0.00479,-0.01193,-0.29583,0.084231,-0.00557,-0.03782,-0.00245,0.001531,-0.02226,-0.35262,0.621808,-0.00106,-0.00062,-0.01826
Operating profit/Paid-in capital,-0.141111324,0.68502849,0.651581054,0.657274489,0.267410963,0.266483,0.02216,0.026091,0.023942,-0.00147,0.024295,0.071972,0.067143,0.191723,0.016198,0.197419,0.603024,0.602367,0.602277,0.873641,0.465102,-0.01477,0.998696,0.85831,-0.00252,0.02768,0.06687,0.066552,0.012002,-0.03898,-0.0227,0.052078,0.203603,-0.00099,0.000816,-2.81E-05,-0.01384,-0.07725,0.07725,0.043298,-0.10472,-0.05684,1,0.88737,0.020421,0.281435,-0.01935,0.003185,-0.04708,-0.11853,0.142561,-0.00986,0.366215,-0.00803,0.264617,0.26609,0.259411,0.235767,-0.00715,-0.02386,-0.00289,0.245298,-0.00373,0.038217,0.135385,0.124996,-0.05317,0.022794,0.413869,0.015657,-0.06949,0.008815,-0.00043,-0.00033,-0.01246,0.005206,-0.00672,0.135385,-0.05317,-0.09442,0.216378,0.117421,0.337872,0.132425,-0.14423,-0.04645,0.575833,-0.0324,0.000975,0.267412,0.18115,-0.07537,-0.01605,0.006258,-0.00953
Net profit before tax/Paid-in capital,-0.20785652,0.753338879,0.758233898,0.726002966,0.248104343,0.246256,0.020015,0.0339,0.030568,0.019483,0.030334,0.082923,0.069545,0.186619,0.054972,0.209898,0.706646,0.7058,0.705621,0.959461,0.445817,-0.01146,0.886157,0.962723,-0.00267,0.027997,0.088074,0.088255,0.025103,-0.02856,-0.03836,0.062054,0.158675,0.010726,-0.00686,-0.00135,-0.00857,-0.16411,0.16411,0.049832,-0.13492,-0.04942,0.88737,1,-0.03041,0.221105,-0.01799,0.005425,-0.07382,-0.1341,0.078373,-0.01319,0.33366,-0.00858,0.245821,0.222639,0.178409,0.228365,-0.00729,-0.03531,-0.08602,0.233192,-0.00262,0.036318,0.102487,0.115605,-0.08382,0.022193,0.483355,0.023754,-0.17481,0.008198,-0.0232,0.001825,-0.0312,0.006864,-0.00672,0.102487,-0.08382,-0.11197,0.218673,0.122515,0.318991,0.130916,-0.15372,-0.10998,0.683623,-0.02931,0.007939,0.248106,0.21569,-0.10415,-0.01836,0.008172,0.031292
Inventory and accounts receivable/Net value,0.075278082,-0.109888015,-0.078585288,-0.109500561,-0.086720489,-0.08676,0.011993,0.009042,0.008993,-0.01103,0.008243,0.079747,-0.04722,-0.12548,0.035486,0.027022,-0.0894,-0.08999,-0.08978,-0.03799,-0.12551,-0.00971,0.020064,-0.03161,0.018133,0.005847,-0.00567,-0.00583,-0.00637,-0.0452,-0.01211,0.007472,-0.1959,-0.00798,0.037141,0.005507,-0.0089,0.417868,-0.41787,0.048349,0.700139,0.0772,0.020421,-0.03041,1,0.243057,0.042552,0.01094,0.002019,-0.12402,0.453424,0.005265,0.118059,0.014592,-0.00213,0.100201,0.337547,-0.13567,0.015249,0.0504,0.452321,-0.13078,0.008687,-0.01245,0.149187,0.040188,0.661805,0.017873,-0.06407,-0.01042,0.037055,0.041233,0.112787,-0.00059,0.049393,0.003459,0.035281,0.149187,0.661805,0.486097,-0.02545,-0.02388,-0.16803,-0.15992,0.027166,-0.2045,-0.09477,0.027074,-0.02171,-0.08672,-0.42224,0.670373,-0.00665,0.006764,-0.20518
Total Asset Turnover,-0.067915167,0.210622255,0.223527659,0.19480995,-0.099660947,-0.10014,0.029456,0.029667,0.029504,-0.01206,0.027711,0.195063,0.013498,-0.05798,0.008551,0.193636,0.082026,0.082674,0.082434,0.21471,0.052539,-0.03598,0.282591,0.230325,0.096856,0.044088,0.059724,0.060223,-0.00022,-0.07239,-0.00653,0.041372,0.055909,-0.01534,-0.03777,-0.00262,-0.02785,0.237458,-0.23746,0.045883,-0.00644,0.020659,0.281435,0.221105,0.243057,1,-0.06023,0.004841,-0.1523,-0.29943,0.757414,-0.02384,0.06133,0.035084,0.211156,0.468956,0.497405,0.108064,-0.01839,-0.04798,0.384428,-0.03066,-0.02144,-0.01364,0.321993,0.100832,0.124257,0.018985,0.12432,-0.01417,0.171386,0.353826,0.252558,-0.00644,0.060722,0.007064,-0.01606,0.321993,0.124257,-0.02065,0.093131,0.037509,0.018741,0.052024,-0.0873,0.012599,0.188774,0.041944,0.007536,-0.09966,0.041242,0.084243,-0.02077,0.019358,-0.19849
Accounts Receivable Turnover,-0.004753867,-0.033946613,-0.031262191,-0.033768194,0.082342045,0.082479,-0.02317,0.089576,0.07992,0.236897,0.100604,-0.02833,-0.03451,0.005904,-0.00698,-0.01997,-0.01865,-0.01967,-0.01972,-0.02,-0.02062,0.264346,-0.0195,-0.02005,-0.00063,-0.02568,-0.01919,-0.0191,-0.00299,-0.03087,-0.00063,-0.01129,-0.0186,-0.00056,-0.00157,-0.00131,0.008627,0.029924,-0.02992,0.007167,0.034113,0.048691,-0.01935,-0.01799,0.042552,-0.06023,1,-0.00176,-0.0132,-0.00171,-0.03207,0.032398,-0.02048,-0.00176,-0.04097,0.009706,-0.0069,-0.01705,-0.00096,0.036912,0.044754,-0.00503,0.235196,0.048829,0.012795,-0.01501,0.033322,-0.00186,-0.01668,-0.00068,-0.0183,-0.01949,-0.02947,0.074727,-0.02251,0.052668,-0.00056,0.012795,0.033322,-0.00836,0.012486,0.022651,-0.02666,0.005331,0.021219,-0.00158,-0.02506,0.113731,0.00403,0.082343,-0.00659,0.023753,-0.00211,-0.0005,0.010629
Average Collection Days,-0.00655554,0.007018964,0.009040971,0.00992131,0.02253034,0.022596,0.001001,0.002198,0.002032,0.001987,0.002168,-0.00794,-0.02847,0.006638,0.016496,-0.00044,-0.00245,-0.00241,-0.00245,0.007838,-0.01024,-0.00099,0.002794,0.004424,-0.00094,-0.0014,0.003642,-0.00262,-0.00072,-0.03561,-0.00053,-0.00148,-0.0128,-0.00046,0.016026,0.001691,-0.00101,0.006062,-0.00606,0.023772,0.003798,-0.00037,0.003185,0.005425,0.01094,0.004841,-0.00176,1,0.007906,-0.01375,0.005157,-0.00065,0.088379,-0.00054,-0.02749,-0.05159,-0.0115,-0.0171,-0.0008,0.018409,0.020865,0.01115,-0.00955,-0.00368,0.024454,-0.00538,0.007744,-0.00364,0.0107,0.459146,0.040179,0.0214,0.003969,-0.00039,0.014979,7.28E-05,0.006008,0.024454,0.007744,-0.00799,-0.00248,-0.0031,0.004308,-0.00084,0.068197,-0.00131,0.011002,-0.0019,0.00421,0.022529,0.004093,0.003221,-0.00134,0.000892,0.002744
Inventory Turnover Rate (times),-0.001375845,-0.062660348,-0.054496398,-0.053605258,0.047664863,0.047079,0.009576,0.00556,0.005957,-0.01214,0.006203,-0.12921,0.001366,-0.02014,0.007713,-0.05077,-0.08068,-0.08025,-0.08005,-0.07146,-0.03736,-0.01173,-0.04679,-0.07363,-0.00785,0.002095,-0.01304,-0.01336,-0.01295,0.030277,-0.00901,0.013148,-0.02151,-0.00794,-0.01906,-0.01113,-0.01344,-0.04363,0.043629,-0.04027,0.010203,-0.01486,-0.04708,-0.07382,0.002019,-0.1523,-0.0132,0.007906,1,0.026388,-0.11535,0.000193,-0.06496,-0.02524,0.068369,-0.0967,0.023021,-0.0126,-0.01118,-0.02134,-0.05935,-0.01423,0.000724,-0.05199,-0.01491,0.01694,-0.01846,0.009397,-0.04877,-0.01117,0.064959,-0.1773,-0.01457,-0.00453,0.017862,-0.00017,-0.00766,-0.01491,-0.01846,0.016432,-0.01548,-0.00081,-0.03369,-0.01685,-0.05489,-0.01181,-0.05267,0.009172,-0.01028,0.047666,-0.0263,-0.00836,0.001189,-0.01149,0.006726
Fixed Assets Turnover Frequency,0.072818264,-0.065918793,-0.136964427,-0.061045949,0.001238814,0.001289,0.005232,0.003581,0.004241,-0.00554,0.003439,-0.05516,0.016872,0.052978,-0.03621,-0.13521,-0.08097,-0.08177,-0.08175,-0.12946,0.013248,-0.01046,-0.11937,-0.13388,-0.0057,-0.00791,-0.00539,-0.0047,-0.00373,0.009155,0.036004,-0.01127,0.015146,-0.00493,0.001797,0.025936,0.016062,-0.01026,0.010258,-0.04863,0.025232,-0.00606,-0.11853,-0.1341,-0.12402,-0.29943,-0.00171,-0.01375,0.026388,1,-0.18371,-0.0067,-0.08144,-0.01556,-0.27094,-0.32266,-0.38611,-0.1174,-0.0077,0.017976,-0.15752,0.024049,0.005493,0.011197,-0.2854,-0.09715,-0.04355,-0.02621,-0.10023,-0.00668,-0.11779,-0.0421,-0.04396,-0.00097,-0.03983,0.001644,-0.00493,-0.2854,-0.04355,0.053104,-0.05217,-0.02561,0.020639,-0.02667,0.142589,0.004789,-0.1225,-0.01348,-0.00719,0.00124,-0.0136,-0.01513,0.018565,0.000537,0.044538
Net Worth Turnover Rate (times),0.021089188,0.022896457,0.03692477,0.01276256,-0.13615677,-0.13634,0.016064,0.015513,0.015736,-0.00792,0.014559,0.165135,-0.02544,-0.09666,0.046759,0.11527,-0.03283,-0.03244,-0.03245,0.066033,0.089648,-0.02083,0.142435,0.089929,0.061691,0.033,0.035121,0.035224,-0.00192,-0.08499,0.063203,0.027419,0.103647,-0.00923,-0.02002,0.006706,-0.01841,0.43616,-0.43616,0.023839,0.177337,0.092726,0.142561,0.078373,0.453424,0.757414,-0.03207,0.005157,-0.11535,-0.18371,1,-0.01376,0.011007,0.023205,-0.01669,0.299791,0.35848,-0.01192,0.105531,-0.01729,0.49937,-0.091,-0.01773,-0.00838,0.194031,0.10582,0.267816,0.014774,0.001481,-0.01098,0.114822,0.271284,0.209559,-0.00481,0.041663,0.004045,-0.00886,0.194031,0.267816,0.22324,0.044739,0.001048,-0.05783,0.084083,0.126417,0.172578,0.013776,0.059178,-0.01917,-0.13616,-0.0347,0.273553,-0.00923,0.017437,-0.22646
Revenue per person,0.039718477,-0.014834058,-0.014887643,-0.014545037,0.019021626,0.01906,-0.02745,-0.14496,-0.14667,-0.22503,-0.06469,-0.01049,-0.01278,-0.00902,-0.00259,-0.01412,-0.0178,-0.01774,-0.01776,-0.01141,-0.00827,0.275742,-0.0099,-0.01415,-0.00054,-0.00085,-0.12977,-0.12891,-0.00725,-0.01742,-0.00023,-0.00349,-0.0036,-0.00021,-0.00058,-0.00318,-0.00045,0.037412,-0.03741,-0.00233,0.029949,-0.00084,-0.00986,-0.01319,0.005265,-0.02384,0.032398,-0.00065,0.000193,-0.0067,-0.01376,1,-0.00784,-0.00065,-0.03033,-0.02972,-0.02525,-0.01416,-0.00036,-0.00124,0.006309,-0.00677,-0.00111,0.086595,-0.02766,-0.01962,0.01361,-0.00162,-0.01605,-0.00097,-0.01209,-0.00722,-0.01092,-0.03961,-0.01432,-0.01983,-0.00021,-0.02766,0.01361,0.031914,-0.00493,-0.00192,-0.00993,-0.00466,0.027678,-0.00058,-0.01431,-0.00084,0.033598,0.019021,-0.00655,0.022624,-0.00108,-0.00267,-0.01129
Operating profit per person,-0.092842141,0.301996204,0.32494223,0.304521576,0.224975841,0.224458,0.018248,0.020271,0.018334,-0.00366,0.01858,0.126869,-0.04351,0.131304,-0.00459,0.067826,0.26133,0.261381,0.261477,0.351589,0.062192,-0.02597,0.367024,0.325783,0.001962,0.01548,0.04626,0.046101,0.0059,0.003777,-0.0125,0.022437,-0.01483,0.038839,0.074423,0.008881,-0.02539,0.007547,-0.00755,0.17872,-0.00938,-0.02413,0.366215,0.33366,0.118059,0.06133,-0.02048,0.088379,-0.06496,-0.08144,0.011007,-0.00784,1,0.000372,0.159706,0.000507,0.217071,0.048863,0.034704,0.061964,0.078832,0.118073,-0.01344,0.005857,0.125118,0.086564,0.01068,0.017067,0.233582,0.124769,-0.14685,-0.00681,0.047514,-0.00649,0.011304,0.000762,-0.00465,0.125118,0.01068,-0.0516,0.075271,0.053627,0.091023,0.018552,-0.05078,-0.03024,0.306356,-0.0178,-0.00982,0.22498,0.096235,-0.01141,-0.00609,0.00322,-0.03026
Allocation rate per person,0.002828802,-0.012542715,-0.006034682,-0.01277047,-0.006952506,-0.00726,0.000726,0.000685,0.000702,-0.00039,0.000652,-0.00923,-0.02807,-0.00155,0.024254,0.005542,-0.00932,-0.00927,-0.00931,-0.0094,-0.01075,-0.00098,-0.00802,-0.00878,-0.001,0.000348,0.000548,0.000535,-0.0002,-0.01075,-0.00052,-0.00157,-0.00539,-0.00046,-0.00131,-0.00295,-0.001,0.010321,-0.01032,0.342925,-0.00464,0.005206,-0.00803,-0.00858,0.014592,0.035084,-0.00176,-0.00054,-0.02524,-0.01556,0.023205,-0.00065,0.000372,1,0.013102,0.035254,0.032207,0.001549,-0.0008,0.004314,0.025642,-0.0004,-0.00052,-0.00366,0.023199,0.008668,0.006436,0.001754,0.001538,-0.0008,0.010872,0.013957,0.015921,-2.97E-06,0.012579,0.000169,0.142653,0.023199,0.006436,-0.00898,-0.00281,8.35E-05,-0.00863,-0.00088,-0.00712,-0.00131,-0.00215,-0.00189,-0.0007,-0.00695,0.000679,0.002286,-0.00186,-0.00096,8.13E-05
Working Capital to Total Assets,-0.193083376,0.259679616,0.303531762,0.260150864,0.246304366,0.246221,0.025599,0.036347,0.040405,0.0108,0.035148,-0.07672,0.011881,0.16152,0.045141,0.056103,0.19862,0.199598,0.199475,0.253188,0.073991,0.020298,0.266177,0.238435,0.012096,0.02415,0.031928,0.031764,0.004795,-0.02589,-0.04467,0.026427,0.056922,-0.02012,-0.00923,-0.01446,0.051384,-0.5288,0.528797,0.077891,-0.19255,-0.06588,0.264617,0.245821,-0.00213,0.211156,-0.04097,-0.02749,0.068369,-0.27094,-0.01669,-0.03033,0.159706,0.013102,1,0.648464,0.714868,0.58577,-0.03367,-0.05621,-0.36445,0.210938,-0.01244,-0.04534,0.251502,0.336555,-0.16158,0.004957,0.217189,-0.0133,0.108738,-0.18453,-0.20868,0.044792,-0.141,0.036276,0.001406,0.251502,-0.16158,-0.13929,0.233958,0.176265,0.131677,0.101122,-0.62556,-0.14908,0.297217,-0.00845,0.038209,0.246308,0.109766,-0.17765,-0.03672,-0.00891,0.369149
Quick Assets/Total Assets,-0.086382111,0.181993029,0.202016988,0.166311085,0.152850428,0.152805,0.0261,0.030819,0.031453,-0.00156,0.028547,-0.00469,0.064811,0.031135,0.025246,0.119155,0.115516,0.115606,0.11531,0.215097,0.098143,-0.01414,0.266637,0.219267,0.015756,0.012454,0.028478,0.028959,-0.00335,-0.06839,-0.01919,0.024787,0.071882,-0.02399,-0.06306,-0.01662,-0.00286,-0.08423,0.084232,0.040821,-0.09557,-0.01581,0.26609,0.222639,0.100201,0.468956,0.009706,-0.05159,-0.0967,-0.32266,0.299791,-0.02972,0.000507,0.035254,0.648464,1,0.755453,0.590891,-0.03913,-0.07454,0.152378,0.098322,-0.0322,0.036223,0.462973,0.222932,0.024629,0.032043,0.094297,-0.02331,0.242834,-0.08237,-0.21728,0.011016,-0.10671,0.014316,-0.02173,0.462973,0.024629,-0.11515,0.254929,0.161456,0.084853,0.148667,-0.33955,-0.00066,0.176086,0.028238,0.028876,0.15285,0.048011,-0.02449,-0.03042,-0.00089,0.095978
Current Assets/Total Assets,-0.044823339,0.098820484,0.15700484,0.094083044,0.094781986,0.094838,0.033821,0.037156,0.037836,-0.00761,0.034865,0.02572,-0.02285,-0.04925,0.013544,0.084386,0.047254,0.047816,0.047968,0.176931,-0.03778,0.000271,0.260501,0.175784,0.028146,0.018826,0.01509,0.01482,-0.00794,-0.07765,-0.02568,0.038872,-0.04756,-0.029,0.027031,-0.00959,0.016898,0.109964,-0.10996,0.104518,-0.01777,-0.02812,0.259411,0.178409,0.337547,0.497405,-0.0069,-0.0115,0.023021,-0.38611,0.35848,-0.02525,0.217071,0.032207,0.714868,0.755453,1,0.416425,0.008243,0.003209,0.390629,0.002994,-0.01106,-0.0284,0.56564,0.289162,0.105331,0.029544,0.065605,-0.02945,0.194399,-0.11114,-0.08433,0.017572,-0.04449,0.017334,0.025904,0.56564,0.105331,-0.10365,0.202907,0.133968,-0.05964,0.120343,-0.3542,-0.00892,0.133053,0.03376,-0.00252,0.094785,0.03888,0.039449,-0.03105,0.007281,-0.01531
Cash/Total Assets,-0.10013019,0.235314427,0.21791786,0.227144429,0.241946498,0.242353,0.010465,0.017136,0.017118,0.009002,0.016445,-0.11061,0.013524,0.228027,0.014468,-0.01176,0.185621,0.185631,0.1853,0.240956,0.25361,0.018125,0.236888,0.222925,-0.0056,0.008048,0.020819,0.020039,-0.00162,-0.06408,-0.01048,0.013891,0.167651,-0.01062,-0.02979,-0.01743,0.019683,-0.35761,0.357605,0.052845,-0.12642,-0.01925,0.235767,0.228365,-0.13567,0.108064,-0.01705,-0.0171,-0.0126,-0.1174,-0.01192,-0.01416,0.048863,0.001549,0.58577,0.590891,0.416425,1,-0.01607,-0.06391,-0.21658,0.300463,-0.01909,0.02671,0.243615,0.144209,-0.07991,-0.00267,0.096487,-0.00656,0.184944,-0.12532,-0.23416,0.014822,-0.28756,0.013979,-0.01072,0.243615,-0.07991,-0.09523,0.480174,0.35327,0.281832,0.277303,-0.28669,-0.01222,0.195652,0.019727,0.026421,0.241945,0.045075,-0.09785,-0.02429,-0.00721,0.299732
Quick Assets/Current Liability,-0.00382278,-0.010529617,-0.009612264,-0.01001372,-0.003205834,-0.00319,0.000365,0.000296,0.000343,-0.00029,0.0003,-0.0129,-0.01572,-0.00836,0.055143,-0.00985,-0.01483,-0.01477,-0.01479,-0.00674,-0.01381,-0.00054,-0.00719,-0.00687,-0.00049,0.000145,0.000469,0.000461,-8.14E-05,-0.00253,0.075915,0.000358,-0.02842,-0.00025,-0.00072,0.001858,-0.00055,0.039455,-0.03945,-0.00174,-0.06793,-0.00094,-0.00715,-0.00729,0.015249,-0.01839,-0.00096,-0.0008,-0.01118,-0.0077,0.105531,-0.00036,0.034704,-0.0008,-0.03367,-0.03913,0.008243,-0.01607,1,-0.00152,0.055302,-0.00921,0.001624,-0.00201,0.024001,0.12838,-0.07732,0.004567,-0.01532,-0.00027,-0.01282,-0.00369,-0.00128,-0.00031,0.001503,0.000109,-0.00025,0.024001,-0.07732,-0.00505,-0.00102,-0.00139,-0.01852,-0.00679,0.202883,0.18751,-0.00815,-0.00104,-0.03954,-0.00321,0.021419,-0.06105,-0.00088,0.000209,-0.01245
Cash/Current Liability,0.077921096,-0.046008944,-0.037467569,-0.041296442,-0.030900584,-0.03105,0.000301,-0.0014,-0.00083,-0.00356,-0.00111,0.024258,-0.04213,-0.02339,-0.01106,-0.03527,-0.03308,-0.03276,-0.03101,-0.0344,-0.02261,-0.00187,-0.02397,-0.03486,-0.0018,-0.00242,-0.00547,-0.00543,-0.00115,0.006808,-0.001,-0.00248,-0.01693,-0.00088,0.151987,0.010633,-0.00191,0.082804,-0.0828,0.013864,0.041094,0.011087,-0.02386,-0.03531,0.0504,-0.04798,0.036912,0.018409,-0.02134,0.017976,-0.01729,-0.00124,0.061964,0.004314,-0.05621,-0.07454,0.003209,-0.06391,-0.00152,1,0.078276,-0.0245,0.002423,-0.00698,0.008926,-0.0152,0.032776,-0.00183,-0.02572,-0.00163,-0.03301,-0.00289,0.026529,-7.02E-05,-0.04415,-9.16E-06,0.048718,0.008926,0.032776,0.012988,-0.02022,-0.0087,-0.02989,-0.01424,0.044378,-0.0025,-0.03439,-0.0036,-0.00621,-0.0309,-0.00819,0.029935,0.001636,0.003422,-0.038
Current Liability to Assets,0.194494436,-0.210256441,-0.190500508,-0.217185792,-0.19802661,-0.19784,0.01134,0.001632,-0.0028,-0.02436,0.000159,0.135256,-0.04607,-0.27822,-0.04139,0.03852,-0.19855,-0.19909,-0.19872,-0.09769,-0.14772,-0.02636,-0.0035,-0.07979,0.021559,-0.00672,-0.02194,-0.02208,-0.01688,-0.06931,0.024605,0.016977,-0.13827,-0.01214,0.048153,0.006254,-0.04514,0.842583,-0.84258,0.036649,0.229825,0.049283,-0.00289,-0.08602,0.452321,0.384428,0.044754,0.020865,-0.05935,-0.15752,0.49937,0.006309,0.078832,0.025642,-0.36445,0.152378,0.390629,-0.21658,0.055302,0.078276,1,-0.2737,0.001647,0.021875,0.422185,-0.05798,0.352986,0.032819,-0.19855,-0.02172,0.115737,0.094912,0.162418,-0.03557,0.12637,-0.02467,0.032646,0.422185,0.352986,0.045339,-0.03778,-0.05364,-0.25278,0.027142,0.351832,0.184388,-0.21408,0.056086,-0.05366,-0.19803,-0.09272,0.286398,0.006987,0.021428,-0.50636
Operating Funds to Liability,-0.077081961,0.388151153,0.351107139,0.38789272,0.246834185,0.246781,0.020308,0.022855,0.020877,-0.00348,0.02452,-0.0424,0.035521,0.880562,0.01572,0.051844,0.195965,0.195903,0.195621,0.248241,0.415122,0.127459,0.245701,0.222474,-0.02334,0.003664,0.015927,0.015185,0.003403,0.064132,-0.00697,-0.00335,0.412683,0.003547,-0.01393,-0.00168,0.265843,-0.33343,0.333429,0.026117,-0.09325,-0.011,0.245298,0.233192,-0.13078,-0.03066,-0.00503,0.01115,-0.01423,0.024049,-0.091,-0.00677,0.118073,-0.0004,0.210938,0.098322,0.002994,0.300463,-0.00921,-0.0245,-0.2737,1,-0.00849,0.028831,0.062602,0.033619,-0.09168,0.042355,0.264403,0.036077,-0.07231,-0.02253,-0.07778,0.030672,-0.10176,0.013312,-0.00837,0.062602,-0.09168,-0.05835,0.273598,0.382088,0.702937,0.119707,-0.13972,-0.01672,0.341188,-0.06604,0.010303,0.246833,0.069212,-0.09121,-0.00896,-0.00127,0.398769
Inventory/Working Capital,-0.001906343,-0.004446832,-3.60E-06,-0.001615577,-0.03502532,-0.03509,-0.00103,0.010231,0.009501,0.023107,0.011909,-0.00802,-0.01552,-0.0068,-0.00282,-0.00883,-0.00568,-0.00559,-0.00558,0.000283,-0.00911,-0.00028,-0.00372,-0.00264,-0.00012,8.05E-05,0.001996,0.001776,0.060758,0.010147,-0.00055,0.000492,-0.00548,-0.00049,0.008347,0.00415,-0.00057,0.002064,-0.00206,0.000936,0.003151,-0.00114,-0.00373,-0.00262,0.008687,-0.02144,0.235196,-0.00955,0.000724,0.005493,-0.01773,-0.00111,-0.01344,-0.00052,-0.01244,-0.0322,-0.01106,-0.01909,0.001624,0.002423,0.001647,-0.00849,1,-0.00388,-0.01051,-0.00022,0.003157,-0.00072,-0.00164,-0.00025,-0.01823,-0.00872,-0.00127,0.000116,0.002589,8.47E-05,0.001658,-0.01051,0.003157,-0.00196,0.005108,-0.00113,-0.01044,0.008403,0.002946,-0.00244,0.000992,0.000455,0.00104,-0.03502,0.000176,0.001788,0.002294,0.023608,-0.00572
Inventory/Current Liability,0.000822094,0.013329742,0.004864034,0.007302496,0.035218426,0.035478,-0.00175,-0.01749,-0.01577,-0.03096,-0.0054,-0.01145,-0.02369,0.019862,0.01124,0.017662,-0.01554,-0.01554,-0.01565,0.031821,0.028555,0.037494,0.037542,0.033599,-0.00129,0.001564,-0.01932,-0.01927,-0.00152,-0.01116,-0.00132,0.001824,0.020751,-0.00116,-0.00328,-0.00132,-0.00251,0.026934,-0.02693,0.000367,0.007702,-0.00078,0.038217,0.036318,-0.01245,-0.01364,0.048829,-0.00368,-0.05199,0.011197,-0.00838,0.086595,0.005857,-0.00366,-0.04534,0.036223,-0.0284,0.02671,-0.00201,-0.00698,0.021875,0.028831,-0.00388,1,-0.00065,-0.01553,0.005083,0.001069,-0.01655,-0.00127,0.006701,0.012131,-0.02915,-0.00388,-0.01756,-0.00227,-0.00116,-0.00065,0.005083,0.009926,0.023234,0.020917,0.026108,0.016766,0.125024,0.023507,0.003639,0.002637,-0.00255,0.035217,0.004009,0.007637,-0.00034,0.00526,0.004448
Current Liabilities/Liability,-0.020809327,0.052782789,0.080400526,0.04669416,0.063547059,0.064657,0.02052,0.019009,0.013732,-0.01174,0.014602,-0.01365,-0.00712,-0.06873,0.025009,0.064182,0.044689,0.044624,0.044538,0.10731,0.006296,-0.02798,0.135996,0.106568,0.016519,0.011871,-0.00093,-0.00093,0.003392,-0.04413,-0.01613,0.027073,-0.01132,0.004915,0.028012,-0.02201,-0.00678,-0.08232,0.082322,0.074428,-0.07559,-0.00468,0.135385,0.102487,0.149187,0.321993,0.012795,0.024454,-0.01491,-0.2854,0.194031,-0.02766,0.125118,0.023199,0.251502,0.462973,0.56564,0.243615,0.024001,0.008926,0.422185,0.062602,-0.01051,-0.00065,1,0.071259,0.086931,0.072485,0.02707,0.013303,0.192153,-0.0382,-0.03908,-0.02689,-0.00654,-0.02219,0.013908,1,0.086931,-0.23445,0.054809,0.046433,-0.00307,0.041194,-0.03974,0.007157,0.066277,0.034229,-0.0163,0.063546,0.017171,-0.01793,-0.01791,0.00945,0.09893
Working Capital/Equity,-0.147220877,0.103818551,0.120402968,0.101961644,0.067969881,0.067921,0.0106,0.014933,0.016788,0.004236,0.014826,0.007324,0.005879,0.022609,0.068273,0.041038,0.070112,0.070331,0.070383,0.121854,-0.0099,0.001783,0.126546,0.114848,0.008683,-0.00346,0.004411,0.004243,0.001327,-0.01387,0.063047,0.015315,0.036706,-0.00578,0.003585,-0.00286,0.008081,-0.10501,0.105008,0.031667,-0.53571,-0.76778,0.124996,0.115605,0.040188,0.100832,-0.01501,-0.00538,0.01694,-0.09715,0.10582,-0.01962,0.086564,0.008668,0.336555,0.222932,0.289162,0.144209,0.12838,-0.0152,-0.05798,0.033619,-0.00022,-0.01553,0.071259,1,-0.69267,0.001969,0.076849,-0.00323,0.008948,-0.04895,-0.04909,0.016589,-0.02025,0.014279,0.007193,0.071259,-0.69267,-0.35314,0.065755,0.042518,0.016175,0.256678,-0.17639,0.160307,0.123817,-0.00312,-0.00914,0.06797,0.585971,-0.65047,-0.01113,-0.00206,0.058512
Current Liabilities/Equity,0.153828362,-0.142733559,-0.133816054,-0.142879316,-0.080421836,-0.08035,0.00186,-0.0022,-0.0032,-0.00897,-0.00269,0.035899,-0.03745,-0.08757,-0.01888,-0.01597,-0.1021,-0.10254,-0.10243,-0.09497,-0.04502,-0.00636,-0.05546,-0.08917,0.004456,0.005973,-0.00752,-0.00752,-0.00618,-0.03628,-0.05528,-0.00141,-0.16759,-0.00358,0.014777,0.004542,-0.00997,0.343692,-0.34369,0.013201,0.892772,0.622905,-0.05317,-0.08382,0.661805,0.124257,0.033322,0.007744,-0.01846,-0.04355,0.267816,0.01361,0.01068,0.006436,-0.16158,0.024629,0.105331,-0.07991,-0.07732,0.032776,0.352986,-0.09168,0.003157,0.005083,0.086931,-0.69267,1,0.009317,-0.10607,-0.00698,0.063345,0.039557,0.067368,-0.00928,0.016699,-0.0054,0.015258,0.086931,1,0.589336,-0.00706,-0.01681,-0.10778,-0.20463,0.108609,-0.26856,-0.15032,0.026494,-0.00403,-0.08042,-0.74962,0.963908,0.000745,0.005038,-0.15644
Long-term Liability to Current Assets,0.000778368,0.021508123,0.022240865,0.018300353,0.000521601,0.000178,0.001967,0.002062,0.002061,-0.00064,0.001882,0.001729,0.008636,0.024446,0.00609,0.016004,0.011322,0.011623,0.011509,0.019496,0.031188,-0.00244,0.022299,0.04707,-0.00178,0.001546,0.005114,0.004905,-0.00051,0.016918,-0.0013,0.00141,0.023165,-0.00115,-0.00325,-0.00697,-0.00249,-0.00694,0.006936,-0.00399,-0.00755,-0.00151,0.022794,0.022193,0.017873,0.018985,-0.00186,-0.00364,0.009397,-0.02621,0.014774,-0.00162,0.017067,0.001754,0.004957,0.032043,0.029544,-0.00267,0.004567,-0.00183,0.032819,0.042355,-0.00072,0.001069,0.072485,0.001969,0.009317,1,-0.00111,-0.00093,0.004543,-0.01484,0.001042,-0.00029,-0.01447,0.000518,-0.00115,0.072485,0.009317,-0.02258,-0.00268,0.004564,0.024814,-0.00357,-0.00707,-0.00326,0.023702,-0.0047,0.001301,0.000523,0.007529,6.35E-05,-0.00216,0.003908,0.014437
Retained Earnings to Total Assets,-0.21777878,0.650217271,0.718012715,0.673737665,0.164579175,0.163013,0.02128,0.036236,0.034573,0.021105,0.034777,0.083315,0.079153,0.223252,0.023919,0.212204,0.491365,0.49276,0.492734,0.492078,0.225557,-0.00437,0.415226,0.473736,-0.0089,0.02145,0.064121,0.064422,0.011965,0.099163,-0.04742,0.025056,0.205944,0.015432,-0.01189,6.49E-05,-0.00913,-0.23542,0.235423,0.010451,-0.11791,-0.02173,0.413869,0.483355,-0.06407,0.12432,-0.01668,0.0107,-0.04877,-0.10023,0.001481,-0.01605,0.233582,0.001538,0.217189,0.094297,0.065605,0.096487,-0.01532,-0.02572,-0.19855,0.264403,-0.00164,-0.01655,0.02707,0.076849,-0.10607,-0.00111,1,0.020517,-0.54156,0.002107,-0.00765,0.006343,0.007398,0.01014,-0.00203,0.02707,-0.10607,-0.07371,0.189642,0.086905,0.371488,0.105862,-0.17474,-0.16077,0.794189,-0.17016,0.01346,0.164583,0.247707,-0.10981,-0.01377,0.009603,0.042936
Total income/Total expense,-0.007136924,0.023450319,0.028873151,0.024436077,0.043607559,0.04361,0.002047,0.003322,0.002985,0.001701,0.003094,-0.00196,-0.0083,0.026204,-0.0002,-0.00094,0.023143,0.023136,0.023117,0.023013,0.011126,-0.00056,0.01566,0.022244,-0.00031,0.000806,0.0026,0.002599,0.000653,-0.02022,-0.00071,0.000794,0.004849,0.003411,-0.00031,-0.00043,-0.00072,-0.02799,0.027995,0.052586,-0.00702,-0.0002,0.015657,0.023754,-0.01042,-0.01417,-0.00068,0.459146,-0.01117,-0.00668,-0.01098,-0.00097,0.124769,-0.0008,-0.0133,-0.02331,-0.02945,-0.00656,-0.00027,-0.00163,-0.02172,0.036077,-0.00025,-0.00127,0.013303,-0.00323,-0.00698,-0.00093,0.020517,1,-0.02222,-0.00049,-0.00218,-3.40E-05,0.001812,0.000466,-0.00043,0.013303,-0.00698,-0.00537,0.002,0.000818,0.018124,0.000969,0.115768,-0.00164,0.027065,-0.00169,0.017818,0.043609,0.006213,-0.00738,-0.00116,8.82E-05,0.031325
Total expense/Assets,0.139049216,-0.296018571,-0.357146618,-0.322222621,0.225479349,0.22617,0.005401,-0.00452,-0.0028,-0.02228,-0.00447,-0.24943,-0.04944,-0.08152,-0.01034,-0.08148,-0.23557,-0.23488,-0.23506,-0.178,-0.01392,-0.01789,-0.07074,-0.15695,0.050982,-0.00417,-0.03149,-0.03283,-0.01301,-0.07962,0.0426,-0.01541,-0.06066,-0.01176,-0.0183,-0.01347,-0.01569,0.037513,-0.03751,-0.01844,0.022642,-0.0074,-0.06949,-0.17481,0.037055,0.171386,-0.0183,0.040179,0.064959,-0.11779,0.114822,-0.01209,-0.14685,0.010872,0.108738,0.242834,0.194399,0.184944,-0.01282,-0.03301,0.115737,-0.07231,-0.01823,0.006701,0.192153,0.008948,0.063345,0.004543,-0.54156,-0.02222,1,0.026547,-0.00368,-0.00366,-0.00805,4.49E-05,-0.01109,0.192153,0.063345,-0.00332,-0.12759,-0.04588,-0.12034,-0.09026,-0.01288,0.136084,-0.4705,0.107944,-0.00431,0.225478,-0.1907,0.050501,-0.01761,-0.00512,0.007907
Current Asset Turnover Rate,0.011928818,0.005715641,-0.000869349,-0.002611463,-0.121274879,-0.12132,0.008117,0.008065,0.008174,-0.00355,0.007518,0.170776,-0.04646,-0.00787,-0.00976,0.063944,-0.01712,-0.01662,-0.01669,-0.00041,0.042716,-0.01089,0.00813,0.009443,0.019388,0.011499,0.005805,0.005591,-0.00207,0.000739,0.008879,-0.00513,0.037312,-0.00224,-0.01451,0.030494,-0.01112,0.12488,-0.12488,0.015572,0.028854,0.001941,0.008815,0.008198,0.041233,0.353826,-0.01949,0.0214,-0.1773,-0.0421,0.271284,-0.00722,-0.00681,0.013957,-0.18453,-0.08237,-0.11114,-0.12532,-0.00369,-0.00289,0.094912,-0.02253,-0.00872,0.012131,-0.0382,-0.04895,0.039557,-0.01484,0.002107,-0.00049,0.026547,1,0.423768,-0.00378,0.072658,0.001836,-0.00513,-0.0382,0.039557,0.032434,-0.05451,-0.03032,0.035322,-0.03322,0.127562,0.005382,-0.00503,-0.00508,0.012551,-0.12128,-0.0155,0.04373,-0.00341,0.025886,-0.10116
Quick Asset Turnover Rate,0.02581356,-0.027280239,-0.025142906,-0.02992782,-0.129714688,-0.12975,0.012696,0.012206,0.012368,-0.00637,0.01144,0.153936,-0.03464,-0.05739,-0.02682,0.046586,-0.04304,-0.04293,-0.04312,-0.02935,-0.02833,-0.01648,-0.00126,-0.02431,0.003755,0.012411,0.014418,0.014146,-0.00718,0.03234,0.006129,-0.00926,-0.02229,-0.00729,0.007069,0.007865,-0.01682,0.20337,-0.20337,-0.00165,0.063473,0.000955,-0.00043,-0.0232,0.112787,0.252558,-0.02947,0.003969,-0.01457,-0.04396,0.209559,-0.01092,0.047514,0.015921,-0.20868,-0.21728,-0.08433,-0.23416,-0.00128,0.026529,0.162418,-0.07778,-0.00127,-0.02915,-0.03908,-0.04909,0.067368,0.001042,-0.00765,-0.00218,-0.00368,0.423768,1,-0.00461,0.15649,0.002763,-0.00776,-0.03908,0.067368,0.041667,-0.09577,-0.0552,-0.04224,-0.05875,0.127015,0.004659,-0.02383,-0.00102,-0.02417,-0.12971,-0.01751,0.068305,0.001264,-0.00942,-0.15695
Working capitcal Turnover Rate,-0.002894472,0.001824195,0.004491113,0.002487673,0.020450545,0.020536,-0.22957,0.090689,0.244911,0.74229,0.110703,-0.00333,-0.00291,0.044478,0.000607,-0.00291,0.006438,0.006426,0.006431,0.002192,-0.00024,0.184916,-0.00044,0.001388,2.29E-05,-0.00597,0.000371,0.000198,-0.00038,0.004511,-0.00037,-0.00164,0.003031,-0.00049,0.002905,-0.00024,0.0153,-0.03172,0.031715,0.031637,-0.00441,0.001101,-0.00033,0.001825,-0.00059,-0.00644,0.074727,-0.00039,-0.00453,-0.00097,-0.00481,-0.03961,-0.00649,-2.97E-06,0.044792,0.011016,0.017572,0.014822,-0.00031,-7.02E-05,-0.03557,0.030672,0.000116,-0.00388,-0.02689,0.016589,-0.00928,-0.00029,0.006343,-3.40E-05,-0.00366,-0.00378,-0.00461,1,-0.00421,0.948194,0.001218,-0.02689,-0.00928,-0.00128,0.049727,0.051763,0.001734,0.033145,-0.19735,-0.00123,0.00568,0.000122,0.005063,0.02045,0.002406,-0.00781,-0.00034,-4.01E-06,0.077424
Cash Turnover Rate,-0.018035319,-0.029476754,-0.025816616,-0.030409698,-0.07157881,-0.07132,0.016485,0.015581,0.015792,-0.00881,0.014596,0.04073,0.070369,-0.09389,-0.01924,0.044051,-0.05478,-0.0538,-0.05393,-0.03426,-0.05822,-0.02162,-0.01251,-0.02983,-0.00913,0.014003,0.014097,0.013462,-0.00651,0.064419,-0.00208,0.018438,-0.04148,-0.00364,-0.02213,0.002048,-0.01656,0.138934,-0.13893,-0.01401,0.004608,-0.00035,-0.01246,-0.0312,0.049393,0.060722,-0.02251,0.014979,0.017862,-0.03983,0.041663,-0.01432,0.011304,0.012579,-0.141,-0.10671,-0.04449,-0.28756,0.001503,-0.04415,0.12637,-0.10176,0.002589,-0.01756,-0.00654,-0.02025,0.016699,-0.01447,0.007398,0.001812,-0.00805,0.072658,0.15649,-0.00421,1,0.003385,-0.00483,-0.00654,0.016699,0.000606,-0.14409,-0.10175,-0.06936,-0.07405,0.073448,0.006498,-0.01626,-0.00856,-0.02344,-0.07158,0.00924,0.013463,0.000143,-0.00377,-0.14571
Cash Flow to Sales,0.000478752,0.011759075,0.012198305,0.011976714,-0.041558732,-0.0416,-0.08475,0.233675,0.379952,0.67723,0.254886,0.003082,0.003677,0.016086,0.000173,0.004227,0.009424,0.009398,0.009403,0.007255,0.004107,0.037165,0.00512,0.006428,-0.00018,-0.00518,0.000916,0.000756,-0.00018,0.004524,3.93E-05,-0.00061,0.006674,-0.0001,2.47E-05,-3.77E-05,0.004189,-0.0182,0.018201,0.008499,-0.00048,0.000541,0.005206,0.006864,0.003459,0.007064,0.052668,7.28E-05,-0.00017,0.001644,0.004045,-0.01983,0.000762,0.000169,0.036276,0.014316,0.017334,0.013979,0.000109,-9.16E-06,-0.02467,0.013312,8.47E-05,-0.00227,-0.02219,0.014279,-0.0054,0.000518,0.01014,0.000466,4.49E-05,0.001836,0.002763,0.948194,0.003385,1,-4.86E-05,-0.02219,-0.0054,0.000895,0.06501,0.037196,0.008168,0.043021,-0.20251,-6.51E-05,0.011634,0.000182,0.003314,-0.04156,0.002661,-0.00377,0.000208,-8.25E-05,0.022476
Fixed Assets to Assets,0.066328355,-0.009191895,-0.00586011,-0.008363547,0.003506876,0.003524,0.000106,-4.74E-05,-2.93E-06,-0.00035,-1.62E-05,-0.00746,-0.00909,-0.00693,-0.00184,-0.01004,-0.00311,-0.00309,-0.00311,-0.00648,-0.02399,-0.00031,-0.00673,-0.00648,-0.0003,4.20E-05,0.000381,0.000376,-4.27E-05,0.00657,-0.00017,-0.00021,-0.03496,-0.00015,-0.00041,-0.0139,-0.00032,0.023418,-0.02342,0.393705,0.015588,-0.0006,-0.00672,-0.00672,0.035281,-0.01606,-0.00056,0.006008,-0.00766,-0.00493,-0.00886,-0.00021,-0.00465,0.142653,0.001406,-0.02173,0.025904,-0.01072,-0.00025,0.048718,0.032646,-0.00837,0.001658,-0.00116,0.013908,0.007193,0.015258,-0.00115,-0.00203,-0.00043,-0.01109,-0.00513,-0.00776,0.001218,-0.00483,-4.86E-05,1,0.013908,0.015258,-0.00292,-0.00353,-0.00138,-0.02198,-0.00323,0.001686,-0.00042,-0.00438,-0.0006,-0.00636,0.003506,-0.0007,0.010509,-0.00083,-0.00217,-0.00776
Current Liability to Liability,-0.020809327,0.052782789,0.080400526,0.04669416,0.063547059,0.064657,0.02052,0.019009,0.013732,-0.01174,0.014602,-0.01365,-0.00712,-0.06873,0.025009,0.064182,0.044689,0.044624,0.044538,0.10731,0.006296,-0.02798,0.135996,0.106568,0.016519,0.011871,-0.00093,-0.00093,0.003392,-0.04413,-0.01613,0.027073,-0.01132,0.004915,0.028012,-0.02201,-0.00678,-0.08232,0.082322,0.074428,-0.07559,-0.00468,0.135385,0.102487,0.149187,0.321993,0.012795,0.024454,-0.01491,-0.2854,0.194031,-0.02766,0.125118,0.023199,0.251502,0.462973,0.56564,0.243615,0.024001,0.008926,0.422185,0.062602,-0.01051,-0.00065,1,0.071259,0.086931,0.072485,0.02707,0.013303,0.192153,-0.0382,-0.03908,-0.02689,-0.00654,-0.02219,0.013908,1,0.086931,-0.23445,0.054809,0.046433,-0.00307,0.041194,-0.03974,0.007157,0.066277,0.034229,-0.0163,0.063546,0.017171,-0.01793,-0.01791,0.00945,0.09893
Current Liability to Equity,0.153828362,-0.142733559,-0.133816054,-0.142879316,-0.080421836,-0.08035,0.00186,-0.0022,-0.0032,-0.00897,-0.00269,0.035899,-0.03745,-0.08757,-0.01888,-0.01597,-0.1021,-0.10254,-0.10243,-0.09497,-0.04502,-0.00636,-0.05546,-0.08917,0.004456,0.005973,-0.00752,-0.00752,-0.00618,-0.03628,-0.05528,-0.00141,-0.16759,-0.00358,0.014777,0.004542,-0.00997,0.343692,-0.34369,0.013201,0.892772,0.622905,-0.05317,-0.08382,0.661805,0.124257,0.033322,0.007744,-0.01846,-0.04355,0.267816,0.01361,0.01068,0.006436,-0.16158,0.024629,0.105331,-0.07991,-0.07732,0.032776,0.352986,-0.09168,0.003157,0.005083,0.086931,-0.69267,1,0.009317,-0.10607,-0.00698,0.063345,0.039557,0.067368,-0.00928,0.016699,-0.0054,0.015258,0.086931,1,0.589336,-0.00706,-0.01681,-0.10778,-0.20463,0.108609,-0.26856,-0.15032,0.026494,-0.00403,-0.08042,-0.74962,0.963908,0.000745,0.005038,-0.15644
Equity to Long-term Liability,0.139013573,-0.086534546,-0.103015477,-0.083189578,-0.06881019,-0.06876,-0.00065,-0.00793,-0.00633,-0.01438,-0.00309,0.024837,-0.01252,-0.04018,0.038229,-0.05443,-0.089,-0.09073,-0.09067,-0.11438,-0.03749,0.010574,-0.09429,-0.11048,-0.00426,-0.01255,-0.01849,-0.01851,-0.0085,-0.01385,-0.0714,-0.01181,-0.01892,-0.00243,-0.00329,0.008543,-0.00633,0.244974,-0.24497,-0.02172,0.806889,0.462858,-0.09442,-0.11197,0.486097,-0.02065,-0.00836,-0.00799,0.016432,0.053104,0.22324,0.031914,-0.0516,-0.00898,-0.13929,-0.11515,-0.10365,-0.09523,-0.00505,0.012988,0.045339,-0.05835,-0.00196,0.009926,-0.23445,-0.35314,0.589336,-0.02258,-0.07371,-0.00537,-0.00332,0.032434,0.041667,-0.00128,0.000606,0.000895,-0.00292,-0.23445,0.589336,1,-0.02792,-0.01694,-0.04727,-0.219,0.129499,-0.05581,-0.12024,0.006302,-0.00144,-0.06881,-0.6159,0.778135,0.002936,-0.00797,-0.11088
Cash Flow to Total Assets,-0.070455645,0.26245438,0.263591368,0.258427825,0.09809717,0.098056,0.020918,0.041845,0.046314,0.033285,0.042328,0.00763,0.008293,0.224786,-0.0126,0.030302,0.142925,0.14293,0.143017,0.222378,0.246791,0.015799,0.218511,0.224392,-0.00418,0.00868,0.027411,0.026884,-0.00021,-0.10464,-0.00824,0.038569,0.247814,-0.00664,-0.00894,-0.01168,0.022285,-0.0665,0.066502,0.027432,-0.02645,-0.01353,0.216378,0.218673,-0.02545,0.093131,0.012486,-0.00248,-0.01548,-0.05217,0.044739,-0.00493,0.075271,-0.00281,0.233958,0.254929,0.202907,0.480174,-0.00102,-0.02022,-0.03778,0.273598,0.005108,0.023234,0.054809,0.065755,-0.00706,-0.00268,0.189642,0.002,-0.12759,-0.05451,-0.09577,0.049727,-0.14409,0.06501,-0.00353,0.054809,-0.00706,-0.02792,1,0.712655,0.332471,0.589998,-0.11501,-0.02292,0.254898,-0.01678,0.011693,0.098099,0.050483,-0.01589,-0.00299,0.000176,0.034015
Cash Flow to Liability,-0.043125048,0.159699235,0.157065274,0.157022091,0.114138494,0.11406,0.004669,0.011517,0.012243,0.011813,0.014059,-0.00676,-0.00877,0.364812,-0.01134,0.023895,0.07698,0.076917,0.076871,0.123403,0.12925,0.156966,0.118816,0.123983,0.002393,0.003389,0.015736,0.015741,0.00012,-0.06455,-0.00194,0.019516,0.136652,-0.00537,-0.00409,-0.00404,0.149285,-0.07698,0.076983,0.052517,-0.02218,-0.00479,0.117421,0.122515,-0.02388,0.037509,0.022651,-0.0031,-0.00081,-0.02561,0.001048,-0.00192,0.053627,8.35E-05,0.176265,0.161456,0.133968,0.35327,-0.00139,-0.0087,-0.05364,0.382088,-0.00113,0.020917,0.046433,0.042518,-0.01681,0.004564,0.086905,0.000818,-0.04588,-0.03032,-0.0552,0.051763,-0.10175,0.037196,-0.00138,0.046433,-0.01681,-0.01694,0.712655,1,0.214116,0.320613,-0.07169,-0.00552,0.142567,-0.01412,0.015018,0.11414,0.026664,-0.01921,-0.0024,0.001836,0.109775
CFO to Assets,-0.115383109,0.50431116,0.443017013,0.497042451,0.226990027,0.226912,0.026682,0.031813,0.029454,-0.00097,0.030653,-0.00543,0.073629,0.603305,0.011482,0.103101,0.230814,0.230629,0.230342,0.333636,0.715003,-0.00223,0.338206,0.3082,-0.04684,0.002719,0.014993,0.013393,-0.00126,0.100864,-0.01842,-0.023,0.738276,0.001195,-0.02345,0.00888,0.023123,-0.26816,0.268159,-0.03176,-0.11762,-0.01193,0.337872,0.318991,-0.16803,0.018741,-0.02666,0.004308,-0.03369,0.020639,-0.05783,-0.00993,0.091023,-0.00863,0.131677,0.084853,-0.05964,0.281832,-0.01852,-0.02989,-0.25278,0.702937,-0.01044,0.026108,-0.00307,0.016175,-0.10778,0.024814,0.371488,0.018124,-0.12034,0.035322,-0.04224,0.001734,-0.06936,0.008168,-0.02198,-0.00307,-0.10778,-0.04727,0.332471,0.214116,1,0.181298,-0.09965,-0.03591,0.440095,-0.07604,0.007769,0.22699,0.10785,-0.09854,-0.00377,0.006057,0.113629
Cash Flow to Equity,-0.058563274,0.12900201,0.112929241,0.123622268,0.030672218,0.030676,0.014088,0.026245,0.030022,0.018515,0.02714,0.014722,0.008972,0.097761,-0.00699,0.021563,0.072982,0.073,0.07308,0.129661,0.199675,0.00366,0.126165,0.105591,-0.00554,-0.02031,-0.00692,-0.00732,-0.00083,-0.04839,0.013669,0.022967,0.089089,-0.00291,-0.00572,-0.01127,0.006953,-0.00318,0.003178,0.011582,-0.19354,-0.29583,0.132425,0.130916,-0.15992,0.052024,0.005331,-0.00084,-0.01685,-0.02667,0.084083,-0.00466,0.018552,-0.00088,0.101122,0.148667,0.120343,0.277303,-0.00679,-0.01424,0.027142,0.119707,0.008403,0.016766,0.041194,0.256678,-0.20463,-0.00357,0.105862,0.000969,-0.09026,-0.03322,-0.05875,0.033145,-0.07405,0.043021,-0.00323,0.041194,-0.20463,-0.219,0.589998,0.320613,0.181298,1,-0.06339,0.117402,0.120228,-0.02458,0.005883,0.030672,0.180666,-0.23111,-0.00147,0.000239,0.003321
Current Liability to Current Assets,0.171306044,-0.160725186,-0.195673147,-0.162572047,-0.132650489,-0.13261,-0.07968,-0.13858,-0.16645,-0.08487,-0.14026,0.015511,-0.0652,-0.12647,2.18E-05,-0.05358,-0.16437,-0.16508,-0.16501,-0.15469,-0.0528,-0.00622,-0.14574,-0.14872,-0.00281,-0.02107,-0.0336,-0.03339,-0.00917,-0.0277,0.11759,-0.00892,-0.05297,0.34763,0.00642,0.014302,-0.02597,0.42818,-0.42818,-0.02161,0.124908,0.084231,-0.14423,-0.15372,0.027166,-0.0873,0.021219,0.068197,-0.05489,0.142589,0.126417,0.027678,-0.05078,-0.00712,-0.62556,-0.33955,-0.3542,-0.28669,0.202883,0.044378,0.351832,-0.13972,0.002946,0.125024,-0.03974,-0.17639,0.108609,-0.00707,-0.17474,0.115768,-0.01288,0.127562,0.127015,-0.19735,0.073448,-0.20251,0.001686,-0.03974,0.108609,0.129499,-0.11501,-0.07169,-0.09965,-0.06339,1,0.247158,-0.20275,0.012853,-0.04934,-0.13265,-0.07035,0.132372,0.022033,0.007652,-0.2622
Liability-Assets Flag,0.139211559,-0.109272283,-0.156890163,-0.120679677,-0.032930016,-0.03292,-0.00029,-0.00316,-0.00275,-0.00565,-0.00123,-0.00412,-0.00996,-0.0135,0.033571,-0.02842,-0.09678,-0.09651,-0.09653,-0.10552,-0.0374,-0.00088,-0.04638,-0.10499,0.002142,-0.04615,-0.05084,-0.05064,-0.00206,-0.02777,0.400342,-0.00982,0.118872,-0.00042,-0.00117,-0.00153,-0.0009,0.203155,-0.20315,-0.00583,-0.2597,-0.00557,-0.04645,-0.10998,-0.2045,0.012599,-0.00158,-0.00131,-0.01181,0.004789,0.172578,-0.00058,-0.03024,-0.00131,-0.14908,-0.00066,-0.00892,-0.01222,0.18751,-0.0025,0.184388,-0.01672,-0.00244,0.023507,0.007157,0.160307,-0.26856,-0.00326,-0.16077,-0.00164,0.136084,0.005382,0.004659,-0.00123,0.006498,-6.51E-05,-0.00042,0.007157,-0.26856,-0.05581,-0.02292,-0.00552,-0.03591,0.117402,0.247158,1,-0.1691,0.032788,-0.02393,-0.03293,0.192688,-0.22956,-0.00172,-0.00097,-0.02757
Net Income to Total Assets,-0.315456972,0.887669538,0.961551917,0.912040173,0.300143344,0.298155,0.028482,0.048587,0.04539,0.028423,0.0456,0.071365,0.079169,0.281309,0.048735,0.23121,0.493776,0.493803,0.493822,0.691152,0.292252,-0.00831,0.577846,0.671748,0.003064,0.041046,0.119596,0.11987,0.024257,0.080031,-0.07241,0.062183,0.252716,0.014946,-0.01778,0.004969,-0.00806,-0.28142,0.281422,0.016566,-0.17778,-0.03782,0.575833,0.683623,-0.09477,0.188774,-0.02506,0.011002,-0.05267,-0.1225,0.013776,-0.01431,0.306356,-0.00215,0.297217,0.176086,0.133053,0.195652,-0.00815,-0.03439,-0.21408,0.341188,0.000992,0.003639,0.066277,0.123817,-0.15032,0.023702,0.794189,0.027065,-0.4705,-0.00503,-0.02383,0.00568,-0.01626,0.011634,-0.00438,0.066277,-0.15032,-0.12024,0.254898,0.142567,0.440095,0.120228,-0.20275,-0.1691,1,-0.1052,0.011942,0.300146,0.328492,-0.1597,-0.01046,0.012746,0.073916
Total assets to GNP price,0.035104179,-0.0717247,-0.098899829,-0.089088289,0.022672294,0.02275,-0.00334,-0.00424,-0.00379,-0.00041,-0.00462,-0.02552,-0.02017,-0.05277,-0.00752,-0.02364,-0.05997,-0.05978,-0.05983,-0.03351,-0.02359,-0.00127,-0.0323,-0.02884,0.002692,6.30E-05,0.001185,0.001166,-0.00031,-0.03891,-0.00068,0.006583,-0.04189,-0.0006,-0.00169,-0.00059,-0.0013,0.041055,-0.04105,-0.00359,0.011083,-0.00245,-0.0324,-0.02931,0.027074,0.041944,0.113731,-0.0019,0.009172,-0.01348,0.059178,-0.00084,-0.0178,-0.00189,-0.00845,0.028238,0.03376,0.019727,-0.00104,-0.0036,0.056086,-0.06604,0.000455,0.002637,0.034229,-0.00312,0.026494,-0.0047,-0.17016,-0.00169,0.107944,-0.00508,-0.00102,0.000122,-0.00856,0.000182,-0.0006,0.034229,0.026494,0.006302,-0.01678,-0.01412,-0.07604,-0.02458,0.012853,0.032788,-0.1052,1,-0.00058,0.022673,-0.04022,0.021982,-0.00188,0.000239,0.014871
No-credit Interval,-0.005546852,0.008135089,0.011463483,0.007522731,0.004205353,0.004038,0.000199,-7.51E-05,-0.00109,-0.00064,-0.00056,0.006497,-0.00684,0.013642,0.003175,0.011488,0.014303,0.014424,0.014335,0.003791,0.002721,0.027256,0.001169,0.008267,-0.00076,-0.00018,0.002108,0.002026,0.002108,-0.01317,-0.01008,-0.00031,0.008558,0.008178,-0.01493,-7.62E-05,0.002556,-0.05022,0.050218,0.003389,-0.00418,0.001531,0.000975,0.007939,-0.02171,0.007536,0.00403,0.00421,-0.01028,-0.00719,-0.01917,0.033598,-0.00982,-0.0007,0.038209,0.028876,-0.00252,0.026421,-0.03954,-0.00621,-0.05366,0.010303,0.00104,-0.00255,-0.0163,-0.00914,-0.00403,0.001301,0.01346,0.017818,-0.00431,0.012551,-0.02417,0.005063,-0.02344,0.003314,-0.00636,-0.0163,-0.00403,-0.00144,0.011693,0.015018,0.007769,0.005883,-0.04934,-0.02393,0.011942,-0.00058,1,0.004203,0.000127,-0.00372,-0.00881,0.001027,0.050609
Gross Profit to Sales,-0.100043847,0.334720969,0.326971324,0.333750246,0.999999992,0.999518,0.005746,0.032494,0.027176,0.051437,0.029431,-0.20635,-0.01697,0.341186,0.017198,0.067971,0.144662,0.145032,0.145058,0.256723,0.16319,0.117044,0.267946,0.247791,0.014172,0.022866,0.054639,0.05343,0.009122,0.016014,-0.01745,0.026544,0.122675,0.024946,0.001381,-0.00237,-0.02236,-0.24546,0.245461,0.00602,-0.08573,-0.02226,0.267412,0.248106,-0.08672,-0.09966,0.082343,0.022529,0.047666,0.00124,-0.13616,0.019021,0.22498,-0.00695,0.246308,0.15285,0.094785,0.241945,-0.00321,-0.0309,-0.19803,0.246833,-0.03502,0.035217,0.063546,0.06797,-0.08042,0.000523,0.164583,0.043609,0.225478,-0.12128,-0.12971,0.02045,-0.07158,-0.04156,0.003506,0.063546,-0.08042,-0.06881,0.098099,0.11414,0.22699,0.030672,-0.13265,-0.03293,0.300146,0.022673,0.004203,1,0.075303,-0.08543,-0.01181,-0.00117,0.120027
Net Income to Stockholder's Equity,-0.180986988,0.274287153,0.29174356,0.280616724,0.075304094,0.074891,0.006216,0.011343,0.010648,0.007693,0.011191,0.029733,0.02149,0.057933,0.01095,0.07792,0.148693,0.148872,0.148906,0.222961,0.07425,-0.0011,0.183601,0.218389,0.001952,-0.00757,0.020203,0.020273,0.006638,0.032565,0.068054,0.019467,0.162473,0.002489,-0.00237,0.003604,-0.0007,-0.12399,0.123986,0.008679,-0.80648,-0.35262,0.18115,0.21569,-0.42224,0.041242,-0.00659,0.004093,-0.0263,-0.0136,-0.0347,-0.00655,0.096235,0.000679,0.109766,0.048011,0.03888,0.045075,0.021419,-0.00819,-0.09272,0.069212,0.000176,0.004009,0.017171,0.585971,-0.74962,0.007529,0.247707,0.006213,-0.1907,-0.0155,-0.01751,0.002406,0.00924,0.002661,-0.0007,0.017171,-0.74962,-0.6159,0.050483,0.026664,0.10785,0.180666,-0.07035,0.192688,0.328492,-0.04022,0.000127,0.075303,1,-0.79184,-9.30E-05,0.005147,0.029622
Liability to Equity,0.166812098,-0.143629481,-0.141039168,-0.142838414,-0.085433856,-0.08541,0.001541,-0.00404,-0.00439,-0.0119,-0.003,0.034809,-0.03536,-0.08077,-0.00342,-0.03,-0.11085,-0.1118,-0.11168,-0.11411,-0.0473,-0.00213,-0.0771,-0.10773,0.001687,0.000537,-0.01169,-0.0117,-0.00743,-0.03305,-0.06865,-0.0052,-0.13369,-0.00374,0.009645,0.006926,-0.01004,0.34925,-0.34925,0.001791,0.955857,0.621808,-0.07537,-0.10415,0.670373,0.084243,0.023753,0.003221,-0.00836,-0.01513,0.273553,0.022624,-0.01141,0.002286,-0.17765,-0.02449,0.039449,-0.09785,-0.06105,0.029935,0.286398,-0.09121,0.001788,0.007637,-0.01793,-0.65047,0.963908,6.35E-05,-0.10981,-0.00738,0.050501,0.04373,0.068305,-0.00781,0.013463,-0.00377,0.010509,-0.01793,0.963908,0.778135,-0.01589,-0.01921,-0.09854,-0.23111,0.132372,-0.22956,-0.1597,0.021982,-0.00372,-0.08543,-0.79184,1,0.002119,0.001487,-0.15965
Degree of Financial Leverage (DFL),0.010508481,-0.016574569,-0.011515415,-0.014662913,-0.011806144,-0.01127,0.000935,0.000855,0.000927,-0.00056,0.000774,0.013577,-0.01395,-0.00635,-0.0073,-0.01496,-0.02186,-0.02178,-0.02167,-0.01883,-0.0062,-0.00114,-0.01594,-0.01788,-0.00067,0.001247,0.00203,0.002014,1.40E-05,0.00552,-0.0007,-0.00031,0.003717,-0.00057,-8.29E-05,0.016829,-0.00126,0.017982,-0.01798,-0.00432,0.00726,-0.00106,-0.01605,-0.01836,-0.00665,-0.02077,-0.00211,-0.00134,0.001189,0.018565,-0.00923,-0.00108,-0.00609,-0.00186,-0.03672,-0.03042,-0.03105,-0.02429,-0.00088,0.001636,0.006987,-0.00896,0.002294,-0.00034,-0.01791,-0.01113,0.000745,-0.00216,-0.01377,-0.00116,-0.01761,-0.00341,0.001264,-0.00034,0.000143,0.000208,-0.00083,-0.01791,0.000745,0.002936,-0.00299,-0.0024,-0.00377,-0.00147,0.022033,-0.00172,-0.01046,-0.00188,-0.00881,-0.01181,-9.30E-05,0.002119,1,0.016513,-0.01674
Interest Coverage Ratio (Interest expense to EBIT),-0.005509252,0.010572836,0.01337166,0.011473346,-0.001166671,-0.00116,0.000393,0.000984,0.000957,0.001024,0.000798,0.006232,-0.01216,0.001262,-0.00078,0.030275,-0.00217,-0.00236,-0.00233,0.008039,0.001358,-5.31E-05,0.006331,0.008143,-0.00033,0.004576,0.005373,0.005329,0.001086,0.001723,-0.00045,0.001498,0.005525,-0.00015,0.001867,-0.03432,-0.00043,0.012571,-0.01257,-0.00034,0.001776,-0.00062,0.006258,0.008172,0.006764,0.019358,-0.0005,0.000892,-0.01149,0.000537,0.017437,-0.00267,0.00322,-0.00096,-0.00891,-0.00089,0.007281,-0.00721,0.000209,0.003422,0.021428,-0.00127,0.023608,0.00526,0.00945,-0.00206,0.005038,0.003908,0.009603,8.82E-05,-0.00512,0.025886,-0.00942,-4.01E-06,-0.00377,-8.25E-05,-0.00217,0.00945,0.005038,-0.00797,0.000176,0.001836,0.006057,0.000239,0.007652,-0.00097,0.012746,0.000239,0.001027,-0.00117,0.005147,0.001487,0.016513,1,-0.00834
Equity to Liability,-0.083048446,0.05241635,0.057886826,0.056429588,0.12002922,0.120196,-0.01707,-0.01456,-0.0109,0.012293,-0.0113,-0.12076,-0.04524,0.33171,0.028945,-0.05315,0.098434,0.098721,0.09839,0.036722,0.052117,0.233203,-0.00932,0.028185,-0.0023,0.001725,0.001253,0.001383,0.014498,-0.01596,-0.01069,-0.00245,0.045546,0.010228,-0.01708,-0.01263,0.338898,-0.62588,0.625879,0.104344,-0.14601,-0.01826,-0.00953,0.031292,-0.20518,-0.19849,0.010629,0.002744,0.006726,0.044538,-0.22646,-0.01129,-0.03026,8.13E-05,0.369149,0.095978,-0.01531,0.299732,-0.01245,-0.038,-0.50636,0.398769,-0.00572,0.004448,0.09893,0.058512,-0.15644,0.014437,0.042936,0.031325,0.007907,-0.10116,-0.15695,0.077424,-0.14571,0.022476,-0.00776,0.09893,-0.15644,-0.11088,0.034015,0.109775,0.113629,0.003321,-0.2622,-0.02757,0.073916,0.014871,0.050609,0.120027,0.029622,-0.15965,-0.01674,-0.00834,1
